name,smiles,Tox-score,SAscore
"1,1,1,2-Tetrachloroethane",C(C(Cl)(Cl)Cl)Cl,0.8175005246437895,0.10718662523543253
"1,1,1-Trichloroethane",CC(Cl)(Cl)Cl,0.847355400630836,0.1821498998470866
"1,1,2,2-Tetrachloroethane",C(C(Cl)Cl)(Cl)Cl,0.7838087499223803,0.10288451136245014
"1,1-Dimethylhydrazine",CN(C)N,0.8332354449853174,0.19413790770462497
"1,2,3-Trichloropropane",C(C(CCl)Cl)Cl,0.8299921672722599,0.07092425119970114
1-(2-Chloroethyl)-3-(4-methylcyclohexyl)-1-nitrosourea,CC1CCC(CC1)NC(=O)N(CCCl)N=O,0.5019650129317061,0.1768336748785241
1-(2-Chloroethyl)-3-cyclohexyl-1-nitrosourea,C1CCC(CC1)NC(=O)N(CCCl)N=O,0.5321896065960349,0.1983343074365182
"1,2-Dibromo-3-chloropropane",C(C(CBr)Br)Cl,0.8253711548828238,0.038139632610463804
"1,2-Dibromoethane",C(CBr)Br,0.8802654368321645,0.10992872843862184
"1,2-Dibromoethylene",C(=CBr)Br,0.8431505836990616,0.035219554829597266
"1,2-Dichloroethane",C(CCl)Cl,0.8697666962477739,0.162938152135658
"1,2-Dichloroethylene",C(=CCl)Cl,0.8694190532304361,0.05281451607912186
"1,2-Dichloropropane",CC(CCl)Cl,0.8335718296281389,0.10711176015810807
"1,2-Diethylhydrazine",CCNNCC,0.7686904331528057,0.11395345953117593
"1,2-Dimethylhydrazine",CNNC,0.7787406857203136,0.11353302581909064
"1,2-Diphenylhydrazine",C1=CC=C(C=C1)NNC2=CC=CC=C2,0.8122175318441235,0.6865778838788865
"1,2-Epoxybutane",CCC1CO1,0.7245028870771133,0.14763662279243756
"1,3-Butadiene",C=CC=C,0.9090255429835893,0.07138982194805532
"1,3-Dichloro-2-propanol",C(C(CCl)O)Cl,0.75134145137696,0.11017374027966796
"1,3-Dichloropropene",C(C=CCl)Cl,0.8697858436781376,0.05546162797164102
"1,3-Dinitropyrene",C1=CC2=C3C(=C1)C=CC4=C(C=C(C(=C43)C=C2)[N+](=O)[O-])[N+](=O)[O-],0.7031351574401705,0.27212720949042357
"1,3-Propane sultone",C1COS(=O)(=O)C1,0.8289831818401923,0.05107736321082872
"1,4-Butanediol Dimethanesulfonate",CS(=O)(=O)OCCCCOS(=O)(=O)C,0.6478710399517086,0.22803469084585626
"1,4-Dichloro-2-butene",C(C=CCCl)Cl,0.8706181619076223,0.08031307406890521
"1,4-Dichloro-2-nitrobenzene",C1=CC(=C(C=C1Cl)[N+](=O)[O-])Cl,0.715857102243094,0.49631518379289463
"1,4-Dichlorobenzene",C1=CC(=CC=C1Cl)Cl,0.8140168009380533,0.9247193677918646
"1,4-Dioxane",C1COCCO1,0.8685353808839175,0.29197578902773696
1-[(5-Nitrofurfurylidene)amino]-2-imidazolidinone,C1CN(C(=O)N1)N=CC2=CC=C(O2)[N+](=O)[O-],0.42802729664547756,0.13358104096599324
"1,6-Dinitropyrene",C1=CC2=C(C=CC3=C2C4=C1C=CC(=C4C=C3)[N+](=O)[O-])[N+](=O)[O-],0.7062558234673225,0.2883399943290888
"1,8-Dinitropyrene",C1=CC2=C3C(=C(C=C2)[N+](=O)[O-])C=CC4=C(C=CC1=C43)[N+](=O)[O-],0.7062558234673225,0.2883399943290888
"1-Amino-2,4-dibromoanthraquinone",C1=CC=C2C(=C1)C(=O)C3=C(C2=O)C(=C(C=C3Br)Br)N,0.7200783878605044,0.26906526435470135
1-Amino-2-methylanthraquinone,CC1=C(C2=C(C=C1)C(=O)C3=CC=CC=C3C2=O)N,0.6758318285474514,0.3780112106523383
1-Bromo-3-chloropropane,C(CCl)CBr,0.839928693477937,0.14360263034568155
1-Bromopropane,CCCBr,0.8818103532131872,0.2092199474339812
1-Butyl glycidyl ether,CCCCOCC1CO1,0.7074414395301079,0.20226673118044575
1-Chloro-2-methylpropene,CC(=CCl)C,0.8422116201933474,0.14006079061516777
1-Hydroxyanthraquinone,C1=CC=C2C(=C1)C(=O)C3=C(C2=O)C(=CC=C3)O,0.6754735361118296,0.4523251126906454
1-Methylphenanthrene,CC1=C2C=CC3=CC=CC=C3C2=CC=C1,0.6645722124662388,0.6160654938453498
1-Nitronaphthalene,C1=CC=C2C(=C1)C=CC=C2[N+](=O)[O-],0.7094591997727062,0.5497568161170477
1-Nitropyrene,C1=CC2=C3C(=C1)C=CC4=C(C=CC(=C43)C=C2)[N+](=O)[O-],0.6971430282263146,0.3630949525803018
"2,2',4,4'-Tetrabromodiphenyl ether",C1=CC(=C(C=C1Br)Br)OC2=C(C=C(C=C2)Br)Br,0.7950377380750786,0.37237355670659344
"2,2-Bis(bromomethyl)-1,3-propanediol",C(C(CO)(CBr)CBr)O,0.7361504713653325,0.08671929739262299
"2,2-Bis(bromomethyl)propane-1,3-diol",C(C(CO)(CBr)CBr)O,0.7361504713653325,0.08671929739262299
2-(2-Formylhydrazino)-4-(5-nitro-2-furyl)thiazole,C1=C(OC(=C1)[N+](=O)[O-])C2=CSC(=N2)NNC=O,0.4867953115926424,0.1509688180524278
"2,3,4,7,8-Pentachlorodibenzofuran",C1=C2C3=CC(=C(C(=C3OC2=CC(=C1Cl)Cl)Cl)Cl)Cl,0.7877889337542141,0.22659273692846277
"2,3,7,8-TCDD",C1=C2C(=CC(=C1Cl)Cl)OC3=CC(=C(C=C3O2)Cl)Cl,0.808383458815101,0.29974366777862627
"2,3,7,8-Tetrachlorodibenzo-p-dioxin",C1=C2C(=CC(=C1Cl)Cl)OC3=CC(=C(C=C3O2)Cl)Cl,0.808383458815101,0.29974366777862627
"2,3-Dibromo-1-propanol",C(C(CBr)Br)O,0.7121505878121063,0.04737409242345145
"2,3-Dibromopropan-1-ol",C(C(CBr)Br)O,0.7121505878121063,0.04737409242345145
"2,4,5-T",C1=C(C(=CC(=C1Cl)Cl)Cl)OCC(=O)O,0.63468448302334,0.4355497371715263
"2,4,5-Trichlorophenoxyacetic acid",C1=C(C(=CC(=C1Cl)Cl)Cl)OCC(=O)O,0.63468448302334,0.4355497371715263
"2,4,5-Trimethylaniline",CC1=CC(=C(C=C1C)N)C,0.7745610426914206,0.4533232462674653
"2,4,6-Trichlorophenol",C1=C(C=C(C(=C1Cl)O)Cl)Cl,0.7040617648359278,0.4278516164147651
"2,4,6-Trimethylaniline",CC1=CC(=C(C(=C1)C)N)C,0.7594450145830428,0.43224417394511816
"2,4-Diaminoanisole",COC1=C(C=C(C=C1)N)N,0.7513155174397257,0.45518146732111997
"2,4-Diaminoanisole Sulfate",COC1=C(C=C(C=C1)N)N.OS(=O)(=O)O,0.5995809948032661,0.36735054177050114
"2,4-Diaminotoluene",CC1=C(C=C(C=C1)N)N,0.8255763895529051,0.4237642437743766
"2,4-Dichlorophenoxyacetic acid",C1=CC(=C(C=C1Cl)Cl)OCC(=O)O,0.5745459028937256,0.5570129537866261
"2,4-Dinitrotoluene",CC1=C(C=C(C=C1)[N+](=O)[O-])[N+](=O)[O-],0.698734242993543,0.42773399776619053
"2,4-Hexadienal",CC=CC=CC=O,0.8338999572375299,0.09389924828683592
"2,6-Diaminotoluene",CC1=C(C=CC=C1N)N,0.7697973923624302,0.3814549115191577
"2,6-Dinitrotoluene",CC1=C(C=CC=C1[N+](=O)[O-])[N+](=O)[O-],0.7462701798769606,0.3850701339203461
"2,6-Xylidine",CC1=C(C(=CC=C1)C)N,0.8045777707181866,0.5053194145028346
2-Acetylaminofluorene,CC(=O)NC1=CC2=C(C=C1)C3=CC=CC=C3C2,0.5218327220350475,0.46211958750080684
"2-Amino-1-methyl-6-phenylimidazo[4,5-b]pyridine",CN1C2=C(N=CC(=C2)C3=CC=CC=C3)N=C1N,0.6765155325473973,0.2867956713882098
"2-Amino-3,4-dimethylimidazo[4,5-f]quinoline",CC1=CC2=C(C=CC=N2)C3=C1N(C(=N3)N)C,0.5110662653844567,0.22297693644440006
"2-Amino-3,8-dimethylimidazo[4,5-f]quinoxaline",CC1=CN=C2C=CC3=C(C2=N1)N=C(N3C)N,0.5844720455463804,0.18710412221244468
"2-Amino-3-methylimidazo[4,5-f]quinoline",CN1C2=C(C3=C(C=C2)N=CC=C3)N=C1N,0.4936151902993973,0.267189683913205
2-Amino-4-chlorophenol,C1=CC(=C(C=C1Cl)N)O,0.6478156935878712,0.4320115274311827
"2-Amino-5-(5-nitro-2-furyl)-1,3,4-thiadiazole",C1=C(OC(=C1)[N+](=O)[O-])C2=NN=C(S2)N,0.4944541627862602,0.17616631835057053
2-Aminoanthraquinone,C1=CC=C2C(=C1)C(=O)C3=C(C2=O)C=C(C=C3)N,0.6831974704573748,0.43882648385175066
2-Bromopropane,CC(C)Br,0.8217855856084592,0.24691015862686233
2-Chloronitrobenzene,C1=CC=C(C(=C1)[N+](=O)[O-])Cl,0.8140516060609999,0.5554355490150975
2-Ethylhexyl acrylate,CCCCC(CC)COC(=O)C=C,0.754075314979735,0.16864667815722537
2-Hydroxyethyl methacrylate,CC(=C)C(=O)OCCO,0.8390141991159428,0.26954372342356114
2-Mercaptobenzothiazole,C1=CC=C2C(=C1)NC(=S)S2,0.6783859379516639,0.26703558683015116
2-Methyl-1-nitroanthraquinone,CC1=C(C2=C(C=C1)C(=O)C3=CC=CC=C3C2=O)[N+](=O)[O-],0.6498116466895727,0.3286699412253688
2-Methylaziridine,CC1CN1,0.6668314820993952,0.18567938861635577
2-Methylimidazole,CC1=NC=CN1,0.5996091219425947,0.14435158409235482
2-Naphthylamine,C1=CC=C2C=C(C=CC2=C1)N,0.7014357703857463,0.6401047697958117
2-Nitroaniline,C1=CC=C(C(=C1)N)[N+](=O)[O-],0.738296426403458,0.46098613360147206
2-Nitroanisole,COC1=CC=CC=C1[N+](=O)[O-],0.7026806080497929,0.6079495282427789
2-Nitrofluorene,C1C2=CC=CC=C2C3=C1C=C(C=C3)[N+](=O)[O-],0.6330855554013325,0.41097328332833993
2-Nitronaphthalene,C1=CC=C2C=C(C=CC2=C1)[N+](=O)[O-],0.701897325008875,0.5944717031868894
2-Nitropropane,CC(C)[N+](=O)[O-],0.7685009155965306,0.21025813145960906
2-Thiouracil,C1=CNC(=S)NC1=O,0.6091700439319114,0.1274825912168058
"3,3',4,4',5-Pentachlorobiphenyl",C1=CC(=C(C=C1C2=CC(=C(C(=C2)Cl)Cl)Cl)Cl)Cl,0.8133832153852618,0.393881420639239
"3,3',4,4'-Tetrachloroazobenzene",C1=CC(=C(C=C1N=NC2=CC(=C(C=C2)Cl)Cl)Cl)Cl,0.8497823713538211,0.3036586757072885
"3,3'-Dichloro-4,4'-diaminodiphenyl ether",C1=CC(=C(C=C1OC2=CC(=C(C=C2)N)Cl)Cl)N,0.7757713161047578,0.35989821908053615
"3,3'-Dichlorobenzidine",C1=CC(=C(C=C1C2=CC(=C(C=C2)N)Cl)Cl)N,0.8379003112143064,0.3826064073133902
"3,3'-Dihydroxybenzidine",C1=CC(=C(C=C1C2=CC(=C(C=C2)N)O)O)N,0.7168513189124498,0.3150861093463203
"3,3'-Dimethoxybenzidine",COC1=C(C=CC(=C1)C2=CC(=C(C=C2)N)OC)N,0.7640726883344521,0.41897525168643884
"3,3'-Dimethoxybenzidine-4,4'-diisocyanate",COC1=C(C=CC(=C1)C2=CC(=C(C=C2)N=C=O)OC)N=C=O,0.7591196382155904,0.17633643069180563
"3,3'-Dimethoxybenzidine dihydrochloride",COC1=C(C=CC(=C1)C2=CC(=C(C=C2)N)OC)N.Cl.Cl,0.745172759705822,0.33037827972630884
"3,3'-Dimethylbenzidine",CC1=C(C=CC(=C1)C2=CC(=C(C=C2)N)C)N,0.7917619738802101,0.4141437340804172
"3,7-Dinitrofluoranthene",C1=CC2=C(C=CC3=C2C(=C1)C4=C3C=CC=C4[N+](=O)[O-])[N+](=O)[O-],0.6895994350473215,0.28186233287108536
"3,9-Dinitrofluoranthene",C1=CC2=C(C=CC3=C2C(=C1)C4=C3C=C(C=C4)[N+](=O)[O-])[N+](=O)[O-],0.6500258304723971,0.29776922401418815
3-Chloro-2-methylpropene,CC(=C)CCl,0.8832971634279773,0.15615229668195513
3-Chloro-4-(dichloromethyl)-5-hydroxy-2(5H)-furanone,C1(C(=C(C(=O)O1)Cl)C(Cl)Cl)O,0.6199546660087039,0.041854100953433906
"3-Monochloro-1,2-propanediol",C(C(CCl)O)O,0.689568619427808,0.10769467298309544
3-Nitroaniline,C1=CC(=CC(=C1)[N+](=O)[O-])N,0.700434011648176,0.4395369602593189
3-Nitrobenzanthrone,C1=CC=C2C(=C1)C3=C4C(=C(C=C3)[N+](=O)[O-])C=CC=C4C2=O,0.7120180592834525,0.36265907187650315
3-Nitroperylene,C1=CC2=C3C(=C1)C4=C5C(=CC=C4)C(=CC=C5C3=CC=C2)[N+](=O)[O-],0.7035747262192399,0.34455638749666484
3-(N-Nitrosomethylamino)propionitrile,CN(CCC#N)N=O,0.8083148136954343,0.10028875169550071
"4,4',6-Trimethylangelicin",CC1=CC2=C(C3=C1OC=C3C)OC(=O)C=C2C,0.5577803820687623,0.19364663220270303
"4,4'-Diaminodiphenyl ether",C1=CC(=CC=C1N)OC2=CC=C(C=C2)N,0.7673219504577057,0.5727994473442988
"4,4'-Methylenebis(2-chloroaniline)",C1=CC(=C(C=C1CC2=CC(=C(C=C2)N)Cl)Cl)N,0.7875714982745601,0.35512611687684287
"4,4'-Methylene bis(2-methylaniline)",CC1=C(C=CC(=C1)CC2=CC(=C(C=C2)N)C)N,0.6678803809306909,0.37402271107943197
"4,4'-Methylenebis(N,N-dimethyl)benzenamine",CN(C)C1=CC=C(C=C1)CC2=CC=C(C=C2)N(C)C,0.6423569095306753,0.5144120089788816
"4,4'-Methylenedianiline",C1=CC(=CC=C1CC2=CC=C(C=C2)N)N,0.743436082274978,0.55374413777518
"4,4'-Methylenedianiline dihydrochloride",C1=CC(=CC=C1CC2=CC=C(C=C2)N)N.Cl.Cl,0.7193421203426419,0.43936516270945464
"4,4'-Oxydianiline",C1=CC(=CC=C1N)OC2=CC=C(C=C2)N,0.7673219504577057,0.5727994473442988
"4,4'-Thiodianiline",C1=CC(=CC=C1N)SC2=CC=C(C=C2)N,0.7697685488525002,0.41791633959667607
"4,5',8-Trimethylpsoralen",CC1=CC(=O)OC2=C1C=C3C=C(OC3=C2C)C,0.3824790961018087,0.21955029313422356
4-Aminobiphenyl,C1=CC=C(C=C1)C2=CC=C(C=C2)N,0.7498115501102581,0.7662367824738395
4-Chlorobenzotrifluoride,C1=CC(=CC=C1C(F)(F)F)Cl,0.7360760531950422,0.6296472344377362
4-Chloronitrobenzene,C1=CC(=CC=C1[N+](=O)[O-])Cl,0.7338800781003343,0.6511114229065867
4-Chloro-o-phenylenediamine,C1=CC(=C(C=C1Cl)N)N,0.7704468377665256,0.4078848744269037
4-Chloro-ortho-phenylenediamine,C1=CC(=C(C=C1Cl)N)N,0.7704468377665256,0.4078848744269037
4-Chloro-o-toluidine,CC1=C(C=CC(=C1)Cl)N,0.763490272050414,0.5260319157044565
4-Dimethylaminoazobenzene,CN(C)C1=CC=C(C=C1)N=NC2=CC=CC=C2,0.7736035677855082,0.36188586987404636
4-Methylimidazole,CC1=CN=CN1,0.5648822917314371,0.10787285202298437
4-Nitroaniline,C1=CC(=CC=C1N)[N+](=O)[O-],0.6798576311821898,0.512001184210338
4-Nitrobiphenyl,C1=CC=C(C=C1)C2=CC=C(C=C2)[N+](=O)[O-],0.7468012443733482,0.7045935324540189
4-Nitropyrene,C1=CC2=C3C(=C1)C=C(C4=CC=CC(=C43)C=C2)[N+](=O)[O-],0.686554850406083,0.3456563511438158
4-(N-Nitrosomethylamino)-1-(3-pyridyl)-1-butanone,CN(CCCC(=O)C1=CN=CC=C1)N=O,0.4782343487478451,0.2164806746901667
4-Vinyl-1-cyclohexene Diepoxide,C1CC2C(O2)CC1C3CO3,0.7624153112052049,0.050822739906891866
4-Vinylcyclohexene,C=CC1CCC=CC1,0.781963973629585,0.08164691850552264
4-Vinylcyclohexene diepoxide,C1CC2C(O2)CC1C3CO3,0.7624153112052049,0.050822739906891866
5-Fluorouracil,C1=C(C(=O)NC(=O)N1)F,0.5039886654197157,0.19031253777089707
5-Methoxypsoralen,COC1=C2C=CC(=O)OC2=CC3=C1C=CO3,0.5663399430729797,0.24573234718473594
5-Methylangelicin,CC1=CC2=C(C=CO2)C3=C1C=CC(=O)O3,0.5947997574300686,0.2490729816871696
5-Methylchrysene,CC1=CC2=CC=CC=C2C3=C1C4=CC=CC=C4C=C3,0.6148266709691315,0.48021652920124636
5-(Morpholinomethyl)-3-[(5-nitrofurfurylidene)amino]-2-oxazolidinone,C1COCCN1CC2CN(C(=O)O2)N=CC3=CC=C(O3)[N+](=O)[O-],0.32837840701986976,0.09397116308981544
5-Nitroacenaphthene,C1CC2=CC=C(C3=CC=CC1=C23)[N+](=O)[O-],0.6000830185727533,0.3317154809319156
6-Nitrobenzo[a]pyrene,C1=CC=C2C(=C1)C3=C4C(=C2[N+](=O)[O-])C=CC5=CC=CC(=C54)C=C3,0.6769854482235704,0.3018916924766845
6-Nitrochrysene,C1=CC=C2C(=C1)C=CC3=C2C=C(C4=CC=CC=C34)[N+](=O)[O-],0.612668927059273,0.4172360537356778
"7,12-Dimethylbenz[a]anthracene",CC1=C2C=CC3=CC=CC=C3C2=C(C4=CC=CC=C14)C,0.6527691518833284,0.40841292794105577
"7H-Dibenzo[c,g]carbazole",C1=CC=C2C(=C1)C=CC3=C2C4=C(N3)C=CC5=CC=CC=C54,0.7037019103177813,0.4123687758208879
A-alpha-C,C1=CC=C2C(=C1)C3=C(N2)N=C(C=C3)N,0.595466237975741,0.34185084140086236
Acetaldehyde,CC=O,0.8492848160119864,0.1299033286473887
Acetamide,CC(=O)N,0.7466607365896258,0.43400133803670704
Acid Red 26,CC1=CC(=C(C=C1)N=NC2=C3C=C(C=CC3=CC(=C2O)S(=O)(=O)[O-])S(=O)(=O)[O-])C.[Na+].[Na+],0.6519823403013837,0.06931564330516804
Acrolein,C=CC=O,0.8850681196346359,0.10058173635858667
Acrylamide,C=CC(=O)N,0.8532688765332525,0.2077011615416401
Acrylamide monomer,C=CC(=O)N,0.8532688765332525,0.2077011615416401
Acrylonitrile,C=CC#N,0.8824096157512729,0.06504894098573041
Actinomycin D,CC1C(C(=O)NC(C(=O)N2CCCC2C(=O)N(CC(=O)N(C(C(=O)O1)C(C)C)C)C)C(C)C)NC(=O)C3=C4C(=C(C=C3)C)OC5=C(C(=O)C(=C(C5=N4)C(=O)NC6C(OC(=O)C(N(C(=O)CN(C(=O)C7CCCN7C(=O)C(NC6=O)C(C)C)C)C)C(C)C)C)N)C,0.1730801118155306,0.00242799335557001
Adriamycin,CC1C(C(CC(O1)OC2CC(CC3=C2C(=C4C(=C3O)C(=O)C5=C(C4=O)C(=CC=C5)OC)O)(C(=O)CO)O)N)O,0.36330019015068316,0.03062047194757469
Aflatoxin B1,COC1=C2C3=C(C(=O)CC3)C(=O)OC2=C4C5C=COC5OC4=C1,0.8227253923358939,0.04927489626077915
Aflatoxin B2,COC1=C2C3=C(C(=O)CC3)C(=O)OC2=C4C5CCOC5OC4=C1,0.6629921251316065,0.05928083558171257
Aflatoxin G1,COC1=C2C3=C(C(=O)OCC3)C(=O)OC2=C4C5C=COC5OC4=C1,0.8177721841610447,0.04740760588263029
Aflatoxin G2,COC1=C2C3=C(C(=O)OCC3)C(=O)OC2=C4C5CCOC5OC4=C1,0.64409652593917,0.056577768326818594
Aflatoxin M1,COC1=C2C3=C(C(=O)CC3)C(=O)OC2=C4C(=C1)OC5C4(C=CO5)O,0.6339157255881486,0.04027514172927013
Aflatoxins,COC1=C2C3=C(C(=O)OCC3)C(=O)OC2=C4C5C=COC5OC4=C1,0.8177721841610447,0.04740760588263029
Aldrin,C1C2C=CC1C3C2C4(C(=C(C3(C4(Cl)Cl)Cl)Cl)Cl)Cl,0.7641795637083338,0.0075850652453779135
Allyl chloride,C=CCCl,0.8962169780387219,0.12234156523829268
alpha-Methylstyrene,CC(=C)C1=CC=CC=C1,0.7700004102787156,0.5691579802311028
Amitrole,C1=NNC(=N1)N,0.6145309421695963,0.08528167251986384
Amsacrine,COC1=C(C=CC(=C1)NS(=O)(=O)C)NC2=C3C=CC=CC3=NC4=CC=CC=C42,0.4734337574437674,0.34471789544188997
Angelicin,C1=CC2=C(C=CO2)C3=C1C=CC(=O)O3,0.7015342567025903,0.25348235256635204
Aniline,C1=CC=C(C=C1)N,0.779663517770992,0.76845771493752
Aniline hydrochloride,C1=CC=C(C=C1)N.Cl,0.7594128010025819,0.5907286877254324
Anisidine,COC1=CC=C(C=C1)N,0.6479718650075551,0.7344534788000996
Anthracene,C1=CC=C2C=C3C=CC=CC3=CC2=C1,0.8305149671140778,0.8670628941705174
Anthraquinone,C1=CC=C2C(=C1)C(=O)C3=CC=CC=C3C2=O,0.8393229590750068,0.7174585156409402
Antimony,[Sb],0.7924271561205369,0.0009219538548632927
Antimony Trioxide,[O-2].[O-2].[O-2].[Sb+3].[Sb+3],0.8265878592056153,0.0008793753561065088
Aramite,CC(COC1=CC=C(C=C1)C(C)(C)C)OS(=O)OCCCl,0.5968388787558532,0.08239029526254785
Arecoline,CN1CCC=C(C1)C(=O)OC,0.5227801792231033,0.19849596825017976
Aristolochic acid,COC1=CC=CC2=C3C(=C(C=C21)[N+](=O)[O-])C(=CC4=C3OCO4)C(=O)O,0.5502814148932195,0.20593960452881221
Arsanilic acid,C1=CC(=CC=C1N)[As](=O)(O)O,0.5898875056941936,0.12298803056721953
Arsenic,[As],0.8102477834104247,0.0022464403168862422
Arsenic pentoxide,O=[As](=O)O[As](=O)=O,0.750925955392106,0.0055103670708194635
Arsenic trioxide,[O-2].[O-2].[O-2].[As+3].[As+3],0.801268492066465,0.0008793753561065088
Arsine,[AsH3],0.8176733097657916,0.0004487176652165628
Aspartame,COC(=O)C(CC1=CC=CC=C1)NC(=O)C(CC(=O)O)N,0.31177036644864503,0.2172593813599207
Auramine,CN(C)C1=CC=C(C=C1)C(=N)C2=CC=C(C=C2)N(C)C,0.6668748325185739,0.33745217355725976
Auramine O,CN(C)C1=CC=C(C=C1)C(=N)C2=CC=C(C=C2)N(C)C.Cl,0.6452260089072719,0.30199040149607337
Azacitidine,C1=NC(=NC(=O)N1C2C(C(C(O2)CO)O)O)N,0.38635375082811174,0.06805716102337148
Azaserine,C(C(C(=O)O)N)OC(=O)C=[N+]=[N-],0.5526369510747648,0.05613657549697733
Azathioprine,CN1C=NC(=C1SC2=NC=NC3=C2NC=N3)[N+](=O)[O-],0.4094232832971261,0.11710403710501249
Azobenzene,C1=CC=C(C=C1)N=NC2=CC=CC=C2,0.8835950539700317,0.510487332444552
Barium chromate,[O-][Cr](=O)(=O)[O-].[Ba+2],0.7760314376289088,0.006994734123084292
Basic Violet 14,CC1=CC(=C(C2=CC=C(C=C2)N)C3=CC=C(C=C3)N)C=CC1=N.Cl,0.5942505150974934,0.16775870560283035
BCNU,C(CCl)NC(=O)N(CCCl)N=O,0.5353901309963055,0.11919351311317294
Benz[a]anthracene,C1=CC=C2C(=C1)C=CC3=CC4=CC=CC=C4C=C32,0.7578851908787433,0.5441511363688564
Benzal chloride,C1=CC=C(C=C1)C(Cl)Cl,0.7233781357663943,0.4238638074688598
Benzaldehyde,C1=CC=C(C=C1)C=O,0.8562204406248719,0.644661394727776
Benzene,C1=CC=CC=C1,0.8708893709948714,1.0
Benzidine,C1=CC(=CC=C1C2=CC=C(C=C2)N)N,0.7603927088100687,0.6856391725815851
Benz[j]aceanthrylene,C1=CC=C2C(=C1)C=CC3=C2C=C4C=CC=C5C4=C3C=C5,0.698703679974434,0.2865983594744641
Benzo(a)pyrene,C1=CC=C2C3=C4C(=CC2=C1)C=CC5=C4C(=CC=C5)C=C3,0.7568905087183069,0.42863792312313065
Benzo[a]pyrene,C1=CC=C2C3=C4C(=CC2=C1)C=CC5=C4C(=CC=C5)C=C3,0.7568905087183069,0.42863792312313065
Benzo[b]fluoranthene,C1=CC=C2C3=C4C(=CC=C3)C5=CC=CC=C5C4=CC2=C1,0.7595156737246072,0.4634283513477931
Benzo[c]phenanthrene,C1=CC=C2C(=C1)C=CC3=C2C4=CC=CC=C4C=C3,0.8142866603659991,0.6464764872191154
Benzofuran,C1=CC=C2C(=C1)C=CO2,0.8013024480004743,0.4477568540925237
"Benzo[g,h,i]perylene",C1=CC2=C3C(=C1)C4=CC=CC5=C4C6=C(C=C5)C=CC(=C36)C=C2,0.787178193858947,0.4677592922013259
Benzo[j]fluoranthene,C1=CC=C2C(=C1)C=CC3=C2C4=CC=CC5=C4C3=CC=C5,0.7732191848216828,0.44576323379446436
Benzo[k]fluoranthene,C1=CC=C2C=C3C4=CC=CC5=C4C(=CC=C5)C3=CC2=C1,0.7897067884336955,0.4649110023300148
Benzophenone,C1=CC=C(C=C1)C(=O)C2=CC=CC=C2,0.689161638371135,0.8573332189495027
Benzotrichloride,C1=CC=C(C=C1)C(Cl)(Cl)Cl,0.8414250101935052,0.3779658550653422
Benzoyl chloride,C1=CC=C(C=C1)C(=O)Cl,0.7862085794829208,0.6122112640273925
Benzyl chloride,C1=CC=C(C=C1)CCl,0.7406991846931039,0.7043704842359133
Benzyl violet 4B,CCN(CC1=CC(=CC=C1)S(=O)(=O)[O-])C2=CC=C(C=C2)C(=C3C=CC(=[N+](C)C)C=C3)C4=CC=C(C=C4)N(CC)CC5=CC(=CC=C5)S(=O)(=O)[O-].[Na+],0.44713121473843087,0.06474366023143328
Beryllium,[Be],0.8364313197194768,0.0005644983596289862
Beryllium chloride,[Be+2].[Cl-].[Cl-],0.8337194758458989,0.001118276649916989
Beryllium fluoride,[Be+2].[F-].[F-],0.837153974435093,0.001118276649916989
Beryllium nitrate,[Be+2].[N+](=O)([O-])[O-].[N+](=O)([O-])[O-],0.8206953780130191,0.14159338053208403
Beryllium oxide,[Be]=O,0.8234385747009005,0.004089166690681443
Beryllium sulfate,[Be+2].[O-]S(=O)(=O)[O-],0.7686799329267151,0.040570455931995125
beta-Butyrolactone,CC1CC(=O)O1,0.6257038019014359,0.18754409056909052
beta-Myrcene,CC(=CCCC(=C)C=C)C,0.8413754631988823,0.12479484130791345
beta-Propiolactone,C1COC1=O,0.8108840786733769,0.38328425601032445
Bis(2-chloro-1-methylethyl) ether,CC(CCl)OC(C)CCl,0.8061338342229832,0.04692365514594354
Bis(2-chloroethoxy)methane,C(CCl)OCOCCCl,0.8171363125662956,0.14962159782422285
Bis(2-chloroethyl)ether,C(CCl)OCCCl,0.8749706513758791,0.18320226244782375
Bis(2-ethylhexyl)adipate,CCCCC(CC)COC(=O)CCCCC(=O)OCC(CC)CCCC,0.6570088883164462,0.12569977931001539
Bis(chloroethyl) Nitrosourea,C(CCl)NC(=O)N(CCCl)N=O,0.5353901309963055,0.11919351311317294
Bischloroethyl nitrosourea,C(CCl)NC(=O)N(CCCl)N=O,0.5353901309963055,0.11919351311317294
Bis(chloromethyl) Ether,C(OCCl)Cl,0.8691329562604555,0.06182310689457968
Bis(chloromethyl)ether,C(OCCl)Cl,0.8691329562604555,0.06182310689457968
Bismarck Brown Y,C1=CC(=CC(=C1)N=NC2=C(C=C(C=C2)N)N)N=NC3=C(C=C(C=C3)N)N,0.7331451666862511,0.14677872785781912
Bisphenol A diglycidyl ether,CC(C)(C1=CC=C(C=C1)OCC2CO2)C3=CC=C(C=C3)OCC4CO4,0.5566008284116374,0.1445673158072082
Bisphenol F diglycidyl ether,C1C(O1)COC2=CC=C(C=C2)CC3=CC=C(C=C3)OCC4CO4,0.5324030205563587,0.17843713662534508
Bleomycin,CC1=C(N=C(N=C1N)C(CC(=O)N)NCC(C(=O)N)N)C(=O)NC(C(C2=CN=CN2)OC3C(C(C(C(O3)CO)O)O)OC4C(C(C(C(O4)CO)O)OC(=O)N)O)C(=O)NC(C)C(C(C)C(=O)NC(C(C)O)C(=O)NCCC5=NC(=CS5)C6=NC(=CS6)C(=O)NCCC[S+](C)C)O,0.1492107381843389,0.0017292715443815742
Bromate,[O-]Br(=O)=O,0.7908586356501927,0.003124308571992169
Bromochloroacetic acid,C(C(=O)O)(Cl)Br,0.7008076756926894,0.11494858867289792
Bromodichloromethane,C(Cl)(Cl)Br,0.8094509819985976,0.10148676403274855
Bromoethane,CCBr,0.8485070420543019,0.20766398511564751
Busulfan,CS(=O)(=O)OCCCCOS(=O)(=O)C,0.6478710399517086,0.22803469084585626
Butyl acrylate,CCCCOC(=O)C=C,0.8454610777398368,0.3474449092520437
Butyl benzyl phthalate,CCCCOC(=O)C1=CC=CC=C1C(=O)OCC2=CC=CC=C2,0.5457004804831456,0.5133264561322247
Butyl methacrylate,CCCCOC(=O)C(=C)C,0.8677269812549522,0.36177012243966256
Butyraldehyde,CCCC=O,0.8084305512510956,0.17640312645933015
Cacodylic acid,C[As](=O)(C)O,0.7032100576842409,0.03668518703432589
Cadmium,[Cd],0.8437877300403294,0.0009219538548632927
Cadmium acetate,CC(=O)[O-].CC(=O)[O-].[Cd+2],0.8135157788360318,0.0878468664838663
Cadmium chloride,Cl[Cd]Cl,0.8274181259413753,0.0030001886301978795
Cadmium oxide,[O-2].[Cd+2],0.8243087705791021,0.0015111658112731672
Cadmium sulfate,[O-]S(=O)(=O)[O-].[Cd+2],0.7681397467907873,0.042137084806058746
Caffeic acid,C1=CC(=C(C=C1C=CC(=O)O)O)O,0.7093482974256236,0.355054753392112
Calcium arsenate,[O-][As](=O)([O-])[O-].[O-][As](=O)([O-])[O-].[Ca+2].[Ca+2].[Ca+2],0.7750044908379485,0.00881043947257798
Calcium chromate,[O-][Cr](=O)(=O)[O-].[Ca+2],0.768997593479071,0.008291043034654501
Captafol,C1C=CCC2C1C(=O)N(C2=O)SC(C(Cl)Cl)(Cl)Cl,0.6423513079778977,0.03792237065133091
Carbarsone,C1=CC(=CC=C1NC(=O)N)[As](=O)(O)O,0.4703915635726969,0.1653800930374729
Carbaryl,CNC(=O)OC1=CC=CC2=CC=CC=C21,0.7021199303770825,0.4770954685443187
Carbazole,C1=CC=C2C(=C1)C3=CC=CC=C3N2,0.6901269767662568,0.6258670786821563
Carbon black,C,0.830893776321633,0.001784859845758831
Carbon disulfide,C(=S)=S,0.844938290336254,0.03158720351437842
Carbon tetrachloride,C(Cl)(Cl)(Cl)Cl,0.8135083719480559,0.1550819940125094
Carboplatin,C1CC(C1)(C(=O)[O-])C(=O)[O-].N.N.[Pt+2],0.6831368967416714,0.03193011457081488
Catechol,C1=CC=C(C(=C1)O)O,0.7340932052085664,0.6045983971103908
CCNU,C1CCC(CC1)NC(=O)N(CCCl)N=O,0.5321896065960349,0.1983343074365182
Chloral,C(=O)C(Cl)(Cl)Cl,0.8410557844013328,0.08944401478067142
Chloral hydrate,C(C(Cl)(Cl)Cl)(O)O,0.638467460586115,0.12354386903378978
Chlorambucil,C1=CC(=CC=C1CCCC(=O)O)N(CCCl)CCCl,0.4420014772727617,0.30096325871313806
Chloramphenicol,C1=CC(=CC=C1C(C(CO)NC(=O)C(Cl)Cl)O)[N+](=O)[O-],0.26424697230420235,0.1188816185912889
Chlordane,C1C2C(C(C1Cl)Cl)C3(C(=C(C2(C3(Cl)Cl)Cl)Cl)Cl)Cl,0.7710016140752347,0.007370175843644056
Chlordecone,C1(=O)C2(C3(C4(C1(C5(C2(C3(C(C45Cl)(Cl)Cl)Cl)Cl)Cl)Cl)Cl)Cl)Cl,0.7698874748505415,0.0035771042671238567
Chlorendic acid,C1(C(C2(C(=C(C1(C2(Cl)Cl)Cl)Cl)Cl)Cl)C(=O)O)C(=O)O,0.6992134606900252,0.017595217155917553
Chlornaphazine,C1=CC=C2C=C(C=CC2=C1)N(CCCl)CCCl,0.6030491867276776,0.32416477860335613
Chloroacetic acid,C(C(=O)O)Cl,0.7524307372461209,0.28364240551718695
Chlorobenzilate,CCOC(=O)C(C1=CC=C(C=C1)Cl)(C2=CC=C(C=C2)Cl)O,0.6907064385996817,0.3911353126844713
Chlorodibromomethane,C(Cl)(Br)Br,0.8138673640217259,0.09066319289931338
Chloroethane,CCCl,0.8655511317288547,0.2512431806391538
Chloroform,C(Cl)(Cl)Cl,0.7815301281612442,0.11360247686486237
Chloromethyl methyl ether,COCCl,0.8199701545759924,0.17049029705916577
Chlorophenols,C1=C(C(=C(C(=C1Cl)Cl)Cl)O)Cl,0.6745291725874608,0.27627802342173097
Chloroprene,C=CC(=C)Cl,0.8906705685944794,0.07613196038164038
Chlorothalonil,C(#N)C1=C(C(=C(C(=C1Cl)Cl)Cl)C#N)Cl,0.8424988012521542,0.1571108514454063
Chlorozotocin,C(CCl)N(C(=O)NC(C=O)C(C(C(CO)O)O)O)N=O,0.4795177419681599,0.032679303688196715
Chromium trioxide,O=[Cr](=O)=O,0.8159086742141202,0.013172841296162177
Chrysene,C1=CC=C2C(=C1)C=CC3=C2C=CC4=CC=CC=C43,0.741218624633524,0.7082074231147193
CI Acid Red 114,CC1=CC=C(C=C1)S(=O)(=O)OC2=CC=C(C=C2)N=NC3=C(C=C(C=C3)C4=CC(=C(C=C4)N=NC5=C(C=CC6=CC(=CC(=C65)S(=O)(=O)[O-])S(=O)(=O)[O-])O)C)C.[Na+].[Na+],0.6185327621359217,0.054454800119864165
CI Basic Red 9,C1=CC(=N)C=CC1=C(C2=CC=C(C=C2)N)C3=CC=C(C=C3)N.Cl,0.6539158575292647,0.17017286695830974
Ciclosporin,CCC1C(=O)N(CC(=O)N(C(C(=O)NC(C(=O)N(C(C(=O)NC(C(=O)NC(C(=O)N(C(C(=O)N(C(C(=O)N(C(C(=O)N(C(C(=O)N1)C(C(C)CC=CC)O)C)C(C)C)C)CC(C)C)C)CC(C)C)C)C)C)CC(C)C)C)C(C)C)CC(C)C)C)C,0.29512164848397243,0.00280068450255044
CI Direct Blue 15,COC1=C(C=CC(=C1)C2=CC(=C(C=C2)N=NC3=C(C4=C(C=C(C=C4C=C3S(=O)(=O)[O-])S(=O)(=O)[O-])N)O)OC)N=NC5=C(C6=C(C=C(C=C6C=C5S(=O)(=O)[O-])S(=O)(=O)[O-])N)O.[Na+].[Na+].[Na+].[Na+],0.5195953543265374,0.024801361580835183
CI Direct Blue 218,C1=CC(=C(C=C1C2=CC(=C(C=C2)N=NC3=C(C4=C(C=C(C=C4C=C3S(=O)(=O)[O-])S(=O)(=O)[O-])N)O)O)O)N=NC5=C(C6=C(C=C(C=C6C=C5S(=O)(=O)[O-])S(=O)(=O)[O-])N)O.[Na+].[Na+].[Na+].[Na+].[Cu].[Cu],0.5372207623915876,0.02099931274831798
Cisplatin,N.N.Cl[Pt]Cl,0.7981018566534058,0.005473652504237073
Citrus Red No. 2,COC1=CC(=C(C=C1)OC)N=NC2=C(C=CC3=CC=CC=C32)O,0.622808526116035,0.284042307834973
Clofibrate,CCOC(=O)C(C)(C)OC1=CC=C(C=C1)Cl,0.5366303039408573,0.4373673806627358
Cobalt,[Co],0.8256821019045469,0.002121828794850759
Cobalt chloride,[Cl-].[Cl-].[Co+2],0.8298282377592939,0.0012420784346695226
Cobalt(II) oxide,O=[Co],0.8258748942009809,0.007627355601944798
Cobalt metal,[Co],0.8256821019045469,0.002121828794850759
Cobalt sulfate,[O-]S(=O)(=O)[O-].[Co+2],0.7624194467851938,0.04147979946610782
Cobalt-Tungsten Carbide,C.[Co].[W],0.7997422838699562,0.0014827610627176518
Copper arsenate,[O-][As](=O)([O-])[O-].[O-][As](=O)([O-])[O-].[Cu+2].[Cu+2].[Cu+2],0.7735697817432012,0.006903290566693186
Crotonaldehyde,CC=CC=O,0.8423972301227736,0.0836218133660431
Crude MDI,C1=CC(=CC=C1CC2=CC=C(C=C2)N=C=O)N=C=O,0.8025734303330732,0.20560720858940193
Crystalline silica,O=[Si]=O,0.7886637965208297,0.013997772927402898
Cumene,CC(C)C1=CC=CC=C1,0.6458402019674356,0.8957373839620325
Cupferron,C1=CC=C(C=C1)N(N=O)[O-].[NH4+],0.7368546774456707,0.11479385637515595
Cycasin,C[N+](=NCOC1C(C(C(C(O1)CO)O)O)O)[O-],0.5202543657180906,0.0312944033088304
Cyclophosphamide,C1CNP(=O)(OC1)N(CCCl)CCCl,0.43523189278840135,0.041855966030914724
Cyclosporin A,CCC1C(=O)N(CC(=O)N(C(C(=O)NC(C(=O)N(C(C(=O)NC(C(=O)NC(C(=O)N(C(C(=O)N(C(C(=O)N(C(C(=O)N(C(C(=O)N1)C(C(C)CC=CC)O)C)C(C)C)C)CC(C)C)C)CC(C)C)C)C)C)CC(C)C)C)C(C)C)CC(C)C)C)C,0.29512164848397243,0.00280068450255044
Dacarbazine,CN(C)N=NC1=C(NC=N1)C(=O)N,0.45212970852568524,0.08406211320726874
Danthron,C1=CC2=C(C(=C1)O)C(=O)C3=C(C2=O)C=CC=C3O,0.6552533325150202,0.34925177615813335
Dantron,C1=CC2=C(C(=C1)O)C(=O)C3=C(C2=O)C=CC=C3O,0.6552533325150202,0.34925177615813335
Daunomycin,CC1C(C(CC(O1)OC2CC(CC3=C2C(=C4C(=C3O)C(=O)C5=C(C4=O)C(=CC=C5)OC)O)(C(=O)C)O)N)O,0.4469758676258775,0.032654102377780526
DDT,C1=CC(=CC=C1C(C2=CC=C(C=C2)Cl)C(Cl)(Cl)Cl)Cl,0.618659698377771,0.3350700316405963
Decabromodiphenyl oxide,C1(=C(C(=C(C(=C1Br)Br)Br)Br)Br)OC2=C(C(=C(C(=C2Br)Br)Br)Br)Br,0.7781148574992748,0.16037676951245833
Deltamethrin,CC1(C(C1C(=O)OC(C#N)C2=CC(=CC=C2)OC3=CC=CC=C3)C=C(Br)Br)C,0.6314283833580305,0.07026464887704305
Deoxycholic Acid,CC(CCC(=O)O)C1CCC2C1(C(CC3C2CCC4C3(CCC(C4)O)C)O)C,0.3559283109259679,0.03455273589745214
Di(2-ethylhexyl) Phthalate,CCCCC(CC)COC(=O)C1=CC=CC=C1C(=O)OCC(CC)CCCC,0.5626707074353113,0.13443638131590507
Di(2-ethylhexyl)phthalate,CCCCC(CC)COC(=O)C1=CC=CC=C1C(=O)OCC(CC)CCCC,0.5626707074353113,0.13443638131590507
Diacetylbenzidine,CC(=O)NC1=CC=C(C=C1)C2=CC=C(C=C2)NC(=O)C,0.5864029664046215,0.6386947236686137
Diazinon,CCOP(=S)(OCC)OC1=NC(=NC(=C1)C)C(C)C,0.7198861031732422,0.13722031645145844
Diazoaminobenzene,C1=CC=C(C=C1)NN=NC2=CC=CC=C2,0.8305773318565965,0.3810532325153572
Diazomethane,C=[N+]=[N-],0.8168842363479412,0.017459884454351905
"Dibenz[a,c]anthracene",C1=CC=C2C=C3C4=CC=CC=C4C5=CC=CC=C5C3=CC2=C1,0.6675530998086435,0.6673541893877989
"Dibenz[a,h]acridine",C1=CC=C2C(=C1)C=CC3=C2C=C4C=CC5=CC=CC=C5C4=N3,0.5668037822163386,0.42404619989217235
"Dibenz[a,h]anthracene",C1=CC=C2C(=C1)C=CC3=CC4=C(C=CC5=CC=CC=C54)C=C32,0.7658174866894865,0.5593828683348302
"Dibenz[a,j]acridine",C1=CC=C2C(=C1)C=CC3=NC4=C(C=C32)C5=CC=CC=C5C=C4,0.5989721319584385,0.46348681898885874
"Dibenz[a,j]anthracene",C1=CC=C2C(=C1)C=CC3=CC4=C(C=C32)C5=CC=CC=C5C=C4,0.7466324102670406,0.5367196282454681
"Dibenz[c,h]acridine",C1=CC=C2C(=C1)C=CC3=C2N=C4C(=C3)C=CC5=CC=CC=C54,0.7037808009670775,0.4205347355029796
"Dibenzo[a,e]pyrene",C1=CC=C2C3=C4C(=CC2=C1)C5=CC=CC=C5C6=CC=CC(=C64)C=C3,0.7046260355588793,0.412477250604877
"Dibenzo[a,h]pyrene",C1=CC=C2C3=C4C(=CC2=C1)C=CC5=C4C(=CC6=CC=CC=C56)C=C3,0.7650171027726254,0.4385421075327184
"Dibenzo[a,i]pyrene",C1=CC=C2C3=C4C(=CC2=C1)C=CC5=CC6=CC=CC=C6C(=C54)C=C3,0.7650171027726254,0.4385421075327184
"Dibenzo[a,l]pyrene",C1=CC=C2C(=C1)C=C3C=CC4=C5C3=C2C6=CC=CC=C6C5=CC=C4,0.7380455562477551,0.39981818263486757
Dibromoacetic acid,C(C(=O)O)(Br)Br,0.6782599747683952,0.1917484763149593
Dibromoacetonitrile,C(#N)C(Br)Br,0.8360711571244767,0.06201844196096775
Dibromochloroacetic acid,C(=O)(C(Cl)(Br)Br)O,0.7208580224709886,0.12305673862090175
Dibutyl phthalate,CCCCOC(=O)C1=CC=CC=C1C(=O)OCCCC,0.6300903862420236,0.46891415033793293
Dichloroacetic acid,C(C(=O)O)(Cl)Cl,0.6470474908954952,0.24657673701997412
Dichloroacetonitrile,C(#N)C(Cl)Cl,0.7940229702686831,0.07307387769649945
Dichlorobromoacetic acid,C(=O)(C(Cl)(Cl)Br)O,0.7259960259318536,0.1271700972315802
Dichlorodifluoromethane,C(F)(F)(Cl)Cl,0.7706984378555589,0.1698955471650208
Dichlorodiphenyltrichloroethane,C1=CC(=CC=C1C(C2=CC=C(C=C2)Cl)C(Cl)(Cl)Cl)Cl,0.618659698377771,0.3350700316405963
Dichloromethane,C(Cl)Cl,0.8588920734575266,0.16071813019348394
Dichlorvos,COP(=O)(OC)OC=C(Cl)Cl,0.7395547160914031,0.06621846412240237
Dieldrin,C1C2C3C(C1C4C2O4)C5(C(=C(C3(C5(Cl)Cl)Cl)Cl)Cl)Cl,0.7697219405826328,0.00602498658631
Dienestrol,CC=C(C1=CC=C(C=C1)O)C(=CC)C2=CC=C(C=C2)O,0.5239082664603623,0.259164608188366
Diepoxybutane,C1C(O1)C2CO2,0.7745976757149683,0.06668409408082138
Diethanolamine,C(CO)NCCO,0.665527468044201,0.29112901233199723
Diethylmercury,CC[Hg]CC,0.7881775164962311,0.025984701520389727
Diethylstilbestrol,CCC(=C(CC)C1=CC=C(C=C1)O)C2=CC=C(C=C2)O,0.5159078450038775,0.3200046064012813
Diethylstilboestrol,CCC(=C(CC)C1=CC=C(C=C1)O)C2=CC=C(C=C2)O,0.5159078450038775,0.3200046064012813
Diethyl sulfate,CCOS(=O)(=O)OCC,0.8373662157686594,0.1529875741203582
Diglycidyl resorcinol ether,C1C(O1)COC2=CC(=CC=C2)OCC3CO3,0.6079861420223074,0.1625942731524234
Digoxin,CC1C(C(CC(O1)OC2C(OC(CC2O)OC3C(OC(CC3O)OC4CCC5(C(C4)CCC6C5CC(C7(C6(CCC7C8=CC(=O)OC8)O)C)O)C)C)C)O)O,0.37417412570881803,0.005961766209135435
Dihydrosafrole,CCCC1=CC2=C(C=C1)OCO2,0.5750211757435019,0.47784912101648586
Diisopropyl sulfate,CC(C)OS(=O)(=O)OC(C)C,0.7397821374045914,0.12240050947273355
Dimethoxane,CC1CC(OC(O1)C)OC(=O)C,0.6957775110257785,0.05525442574215925
Dimethylarsinic acid,C[As](=O)(C)O,0.7032100576842409,0.03668518703432589
Dimethylcarbamoyl chloride,CN(C)C(=O)Cl,0.8846833644595988,0.24513912686555805
Dimethylformamide,CN(C)C=O,0.8730344857533688,0.1894498033559973
Dimethyl hydrogen phosphite,COP(=O)OC,0.7584699073304444,0.02836441878294393
Dimethylmercury,C[Hg]C,0.8201686904753415,0.014819507603682065
Dimethyl morpholinophosphoramidate,COP(=O)(N1CCOCC1)OC,0.7343759295256315,0.13232632887884313
Dimethyl-p-toluidine,CC1=CC=C(C=C1)N(C)C,0.7641937904188293,0.6731636576680919
Dimethyl sulfate,COS(=O)(=O)OC,0.7892410120352327,0.13576707617288936
Dimethyl terephthalate,COC(=O)C1=CC=C(C=C1)C(=O)OC,0.7469123274683505,0.7117146954290906
Dimethylvinyl Chloride,CC(=CCl)C,0.8422116201933474,0.14006079061516777
Di-n-butyl phthalate,CCCCOC(=O)C1=CC=CC=C1C(=O)OCCCC,0.6300903862420236,0.46891415033793293
Dinitroaniline,C1=C(C=C(C=C1[N+](=O)[O-])[N+](=O)[O-])N,0.7041960215096295,0.2750978468722454
Di-n-octyl phthalate,CCCCCCCCOC(=O)C1=CC=CC=C1C(=O)OCCCCCCCC,0.6170706265082755,0.38517583700423297
Diphenylamine,C1=CC=C(C=C1)NC2=CC=CC=C2,0.8271323203676109,0.9191129325500317
Diphenylhydantoin,C1=CC=C(C=C1)C2(C(=O)NC(=O)N2)C3=CC=CC=C3,0.5177448063448826,0.3193420224448811
"Diphenylmethane-4,4'-diisocyanate",C1=CC(=CC=C1CC2=CC=C(C=C2)N=C=O)N=C=O,0.8025734303330732,0.20560720858940193
Direct Black 38,C1=CC=C(C=C1)N=NC2=C(C3=C(C(=C(C=C3C=C2S(=O)(=O)[O-])S(=O)(=O)[O-])N=NC4=CC=C(C=C4)C5=CC=C(C=C5)N=NC6=C(C=C(C=C6)N)N)N)O.[Na+].[Na+],0.559956662579518,0.04613387986270084
Direct Blue 14,CC1=C(C=CC(=C1)C2=CC(=C(C=C2)N=NC3=C(C4=C(C=C(C=C4C=C3S(=O)(=O)[O-])S(=O)(=O)[O-])N)O)C)N=NC5=C(C6=C(C=C(C=C6C=C5S(=O)(=O)[O-])S(=O)(=O)[O-])N)O.[Na+].[Na+].[Na+].[Na+],0.5045514610450201,0.025673638541348867
Direct Blue 6,C1=CC(=CC=C1C2=CC=C(C=C2)N=NC3=C(C4=C(C=C(C=C4C=C3S(=O)(=O)[O-])S(=O)(=O)[O-])N)O)N=NC5=C(C6=C(C=C(C=C6C=C5S(=O)(=O)[O-])S(=O)(=O)[O-])N)O.[Na+].[Na+].[Na+].[Na+],0.5467789136934808,0.03041138478017449
Direct Brown 1A,CC1=CC(=C(C(=C1N)N=NC2=CC=C(C=C2)C3=CC=C(C=C3)N=NC4=CC(=C(C=C4)O)C(=O)[O-])N)N=NC5=CC=C(C=C5)S(=O)(=O)[O-].[Na+].[Na+],0.5602511380954628,0.05600407570290669
Direct Red 2,CC1=C(C=CC(=C1)C2=CC(=C(C=C2)N=NC3=C(C4=CC=CC=C4C(=C3)S(=O)(=O)[O-])N)C)N=NC5=C(C6=CC=CC=C6C(=C5)S(=O)(=O)[O-])N.[Na+].[Na+],0.5952881893490132,0.07054490101485492
Direct Red 28,C1=CC=C2C(=C1)C(=CC(=C2N)N=NC3=CC=C(C=C3)C4=CC=C(C=C4)N=NC5=C(C6=CC=CC=C6C(=C5)S(=O)(=O)[O-])N)S(=O)(=O)[O-].[Na+].[Na+],0.6071487314408105,0.08333100392880986
Disperse Blue 1,C1=CC(=C2C(=C1N)C(=O)C3=C(C=CC(=C3C2=O)N)N)N,0.7682231870826861,0.25938858494160255
Disperse Orange 11,CC1=C(C2=C(C=C1)C(=O)C3=CC=CC=C3C2=O)N,0.6758318285474514,0.3780112106523383
Disperse Yellow 3,CC1=CC(=C(C=C1)O)N=NC2=CC=C(C=C2)NC(=O)C,0.6470162642397048,0.30499982013545024
Doxorubicin,CC1C(C(CC(O1)OC2CC(CC3=C2C(=C4C(=C3O)C(=O)C5=C(C4=O)C(=CC=C5)OC)O)(C(=O)CO)O)N)O,0.36330019015068316,0.03062047194757469
Epichlorohydrin,C1C(O1)CCl,0.7270140709988563,0.0860835641229724
Erionite,O.O.O.O.O.O.O.O.O.O.O.O.O.O.O.O.O.O.O.O.O.O.O.O.O.O.O.O.O.O.[O-2].[O-][Si](=O)O[Si](=O)[O-].[Na+].[Al+3].[K+].[Ca+2],0.710872662956674,0.003732947714388053
Estradiol,CC12CCC3C(C1CCC2O)CCC4=C3C=CC(=C4)O,0.3246147982752703,0.07536979351254748
Estradiol 3-benzoate,CC12CCC3C(C1CCC2O)CCC4=C3C=CC(=C4)OC(=O)C5=CC=CC=C5,0.24235384514214295,0.08582285267803429
Estradiol benzoate,CC12CCC3C(C1CCC2O)CCC4=C3C=CC(=C4)OC(=O)C5=CC=CC=C5,0.24235384514214295,0.08582285267803429
Estradiol dipropionate,CCC(=O)OC1CCC2C1(CCC3C2CCC4=C3C=CC(=C4)OC(=O)CC)C,0.25425557137744154,0.06168464888661563
Estradiol mustard,CC12CCC3C(C1CCC2OC(=O)CC4=CC=C(C=C4)N(CCCl)CCCl)CCC5=C3C=CC(=C5)OC(=O)CC6=CC=C(C=C6)N(CCCl)CCCl,0.3613800331698013,0.02916663985408911
Estradiol valerate,CCCCC(=O)OC1CCC2C1(CCC3C2CCC4=C3C=CC(=C4)O)C,0.2124303053215892,0.06863644366414368
Estriol,CC12CCC3C(C1CC(C2O)O)CCC4=C3C=CC(=C4)O,0.43214186360690576,0.05661155967934634
Estrone,CC12CCC3C(C1CCC2=O)CCC4=C3C=CC(=C4)O,0.34479587926744926,0.08425471893834709
Ethanol,CCO,0.6614750354837914,0.37521464179598274
Ethanol in alcoholic beverages,CCO,0.6614750354837914,0.37521464179598274
Ethionamide,CCC1=NC=CC(=C1)C(=S)N,0.40637121511099505,0.28609683210211184
Ethyl acrylate,CCOC(=O)C=C,0.8705737927351906,0.33816423926780304
Ethylbenzene,CCC1=CC=CC=C1,0.6500661111516788,1.0
Ethyl bromide,CCBr,0.8485070420543019,0.20766398511564751
Ethyl carbamate,CCOC(=O)N,0.7358327184022121,0.30995044287415274
Ethylene dibromide,C(CBr)Br,0.8802654368321645,0.10992872843862184
Ethylene dichloride,C(CCl)Cl,0.8697666962477739,0.162938152135658
Ethylene glycol monoethyl ether,CCOCCO,0.6969363109171212,0.3887615123627512
Ethylene imine,C1CN1,0.7255452252326673,0.41935001644876324
Ethylene oxide,C1CO1,0.8646886723932438,0.44583346841744437
Ethylene Thiourea,C1CNC(=S)N1,0.6700748946297826,0.07356940567735833
Ethylenimine,C1CN1,0.7255452252326673,0.41935001644876324
Ethyl iodide,CCI,0.828786319740567,0.14462503018027117
Ethylmercury chloride,CC[Hg]Cl,0.8311023222287184,0.03315169249470202
Ethyl methacrylate,CCOC(=O)C(=C)C,0.8553092224277293,0.3679015628774518
Ethyl methanesulfonate,CCOS(=O)(=O)C,0.7562922304003328,0.2128003318458899
Etoposide,CC1OCC2C(O1)C(C(C(O2)OC3C4COC(=O)C4C(C5=CC6=C(C=C35)OCO6)C7=CC(=C(C(=C7)OC)O)OC)O)O,0.44012203955853796,0.020169909995666615
Eugenol,COC1=C(C=CC(=C1)CC=C)O,0.5805054309052288,0.38255019423697767
Evans blue,CC1=C(C=CC(=C1)C2=CC(=C(C=C2)N=NC3=C(C4=C(C=C3)C(=CC(=C4N)S(=O)(=O)[O-])S(=O)(=O)[O-])O)C)N=NC5=C(C6=C(C=C5)C(=CC(=C6N)S(=O)(=O)[O-])S(=O)(=O)[O-])O.[Na+].[Na+].[Na+].[Na+],0.5378930569402901,0.027384946287171613
Fenvalerate,CC(C)C(C1=CC=C(C=C1)Cl)C(=O)OC(C#N)C2=CC(=CC=C2)OC3=CC=CC=C3,0.6433045714881016,0.13166722266352535
Fluometuron,CN(C)C(=O)NC1=CC=CC(=C1)C(F)(F)F,0.7158192513999533,0.42525229488213034
Fluoranthene,C1=CC=C2C(=C1)C3=CC=CC4=C3C2=CC=C4,0.8348238792508729,0.5623237225792935
Fluorene,C1C2=CC=CC=C2C3=CC=CC=C31,0.7003995063934387,0.5801001355124692
Formaldehyde,C=O,0.8356448564695866,0.04766232274363078
Fumonisin B1,CCCCC(C)C(C(CC(C)CC(CCCCC(CC(C(C)N)O)O)O)OC(=O)CC(CC(=O)O)C(=O)O)OC(=O)CC(CC(=O)O)C(=O)O,0.5533548486279751,0.015190866697310795
Fumonisin B2,CCCCC(C)C(C(CC(C)CCCCCCC(CC(C(C)N)O)O)OC(=O)CC(CC(=O)O)C(=O)O)OC(=O)CC(CC(=O)O)C(=O)O,0.5268700471518543,0.018165948030405513
Furan,C1=COC=C1,0.7871974214316955,0.08981219275271529
Furazolidone,C1COC(=O)N1N=CC2=CC=C(O2)[N+](=O)[O-],0.5105475599172312,0.13783482312777123
Furfural,C1=COC(=C1)C=O,0.8217189299627208,0.24277361528462066
Furfuryl alcohol,C1=COC(=C1)CO,0.6748456529764979,0.30416986379576905
Furylfuramide,C1=COC(=C1)C(=CC2=CC=C(O2)[N+](=O)[O-])C(=O)N,0.5673520071686212,0.1678905301360466
Fusarin C,CC=C(C=C(C)C=C(C)C=CC=C(C)C(=O)C12C(O1)C(NC2=O)(CCO)O)C(=O)OC,0.6031796539171461,0.017796639719550075
Gallium arsenide,[Ga]#[As],0.810574532452978,0.0005611585856575269
Gentian violet,CN(C)C1=CC=C(C=C1)C(=C2C=CC(=[N+](C)C)C=C2)C3=CC=C(C=C3)N(C)C.[Cl-],0.6410415224810628,0.15009484254294464
Glu-P-1,CC1=CC=CN2C1=NC3=C2N=C(C=C3)N,0.48702452873448393,0.25068382012564283
Glu-P-2,C1=CC2=NC3=C(N2C=C1)N=C(C=C3)N,0.46775452412485213,0.24884364987547572
Glutaraldehyde,C(CC=O)CC=O,0.780917976716385,0.14765986945563236
Glycidaldehyde,C1C(O1)C=O,0.7889342545930995,0.04879751781292365
Glycidol,C1C(O1)CO,0.6639386634153494,0.13072408943264344
Glycidyl methacrylate,CC(=C)C(=O)OCC1CO1,0.7511368852355483,0.1403838525322386
Glycidyl oleate,CCCCCCCCC=CCCCCCCCC(=O)OCC1CO1,0.531525940492064,0.17269270069541118
Glyoxal,C(=O)C=O,0.8699956417438933,0.11292854905098895
Glyphosate,C(C(=O)O)NCP(=O)(O)O,0.5547491081093826,0.15110595763435172
Griseofulvin,CC1CC(=O)C=C(C12C(=O)C3=C(O2)C(=C(C=C3OC)OC)Cl)OC,0.4871534775287395,0.04129403348265514
Gyromitrin,CC=NN(C)C=O,0.8488103579717303,0.044051295837863325
HC Blue 1,CNC1=C(C=C(C=C1)N(CCO)CCO)[N+](=O)[O-],0.4275685473367742,0.24138736367973782
HC Blue No. 1,CNC1=C(C=C(C=C1)N(CCO)CCO)[N+](=O)[O-],0.4275685473367742,0.24138736367973782
Heptachlor,C1=CC(C2C1C3(C(=C(C2(C3(Cl)Cl)Cl)Cl)Cl)Cl)Cl,0.7686298479769789,0.008215396237838757
Heptachlor epoxide,C12C(C(C3C1O3)Cl)C4(C(=C(C2(C4(Cl)Cl)Cl)Cl)Cl)Cl,0.7941682481646143,0.006665294510283652
Heptachlorodibenzofuran,C1=C2C3=C(C(=C(C(=C3Cl)Cl)Cl)Cl)OC2=C(C(=C1Cl)Cl)Cl,0.7435448417482592,0.13930958682498557
Hexabromocyclododecane,C1C(CC(CC(CC(CC(CC1Br)Br)Br)Br)Br)Br,0.8069897430496668,0.039624975902829894
Hexachlorobenzene,C1(=C(C(=C(C(=C1Cl)Cl)Cl)Cl)Cl)Cl,0.8508429658918664,0.48151540671140963
Hexachlorobutadiene,C(=C(Cl)Cl)(C(=C(Cl)Cl)Cl)Cl,0.8543945287886525,0.08745516465617302
Hexachlorocyclohexane,C1(C(C(C(C(C1Cl)Cl)Cl)Cl)Cl)Cl,0.7408403022567644,0.07312310435724141
Hexachlorodibenzodioxin,C1=CC=C2C(=C1)OC3=CC=CC=C3O2.Cl.Cl.Cl.Cl.Cl.Cl,0.8023646029043728,0.27101301308904974
Hexachloroethane,C(C(Cl)(Cl)Cl)(Cl)(Cl)Cl,0.8144761757162832,0.13148263643610453
Hexachloronaphthalene,C1=CC(=C(C2=C1C(=C(C(=C2Cl)Cl)Cl)Cl)Cl)Cl,0.7540262276776388,0.20996085096204403
Hexafluoropropylene oxide,C1(C(O1)(F)F)(C(F)(F)F)F,0.7294345860262241,0.06115565322027877
Hexaldehyde,CCCCCC=O,0.8078062160508237,0.34880642688213653
Hexamethylene diisocyanate,C(CCCN=C=O)CCN=C=O,0.8221019552563777,0.10434610067639294
Hexamethylphosphoramide,CN(C)P(=O)(N(C)C)N(C)C,0.8458595544584382,0.09989491615052605
Hydrazine,NN,0.7691641413776041,0.04631350086203603
Hydrazine Sulfate,NN.OS(=O)(=O)O,0.6005593156464173,0.21346492231085593
Hydrazobenzene,C1=CC=C(C=C1)NNC2=CC=CC=C2,0.8122175318441235,0.6865778838788865
Hydrochlorothiazide,C1NC2=CC(=C(C=C2S(=O)(=O)N1)S(=O)(=O)N)Cl,0.42503889987925353,0.10951157326650605
Hydrogen peroxide,OO,0.7615269113325335,0.12586603527829066
Hydroxypropyl methacrylate,CC(CO)OC(=O)C(=C)C,0.7556575056767717,0.125379983623818
Hydroxyurea,C(=O)(N)NO,0.6269900457580139,0.21768276244870857
"Indeno[1,2,3-cd]pyrene",C1=CC=C2C(=C1)C3=C4C2=CC5=CC=CC6=C5C4=C(C=C6)C=C3,0.7898302438100299,0.3485913967202118
Indium phosphide,P#[In],0.834008069663753,0.0028447192515544395
Indium tin oxide,O=[Sn].[In],0.834437601839929,0.007178970099961593
Iprodione,CC(C)NC(=O)N1CC(=O)N(C1=O)C2=CC(=CC(=C2)Cl)Cl,0.7286316078589866,0.21940608801134653
Isobutyl nitrite,CC(C)CON=O,0.728712274540687,0.10947719993922084
Isoeugenol,CC=CC1=CC(=C(C=C1)O)OC,0.6984504993526552,0.3794043522218404
Isophorone,CC1=CC(=O)CC(C1)(C)C,0.6267742438009208,0.1760024202961292
Isophorone diisocyanate,CC1(CC(CC(C1)(C)CN=C=O)N=C=O)C,0.6093875855376053,0.027970284231970025
Isophosphamide,C1CN(P(=O)(OC1)NCCCl)CCCl,0.5085000888756843,0.03309030242711848
Isoprene,CC(=C)C=C,0.8894892423966914,0.13092447143352806
Isosafrole,CC=CC1=CC2=C(C=C1)OCO2,0.6612808729219919,0.3294585800740758
Kepone,C1(=O)C2(C3(C4(C1(C5(C2(C3(C(C45Cl)(Cl)Cl)Cl)Cl)Cl)Cl)Cl)Cl)Cl,0.7698874748505415,0.0035771042671238567
Lasiocarpine,CC=C(C)C(=O)OC1CCN2C1C(=CC2)COC(=O)C(C(C)OC)(C(C)(C)O)O,0.3652733261492767,0.026096229256950893
Lead,[Pb],0.8266429647162058,0.0009219538548632927
Lead arsenate,O[As](=O)([O-])[O-].[Pb+2],0.7061664625321599,0.009197750988791185
Lead chromate,[O-][Cr](=O)(=O)[O-].[Pb+2],0.7784104761461507,0.006994734123084292
Lead phosphate,[O-]P(=O)([O-])[O-].[O-]P(=O)([O-])[O-].[Pb+2].[Pb+2].[Pb+2],0.780278950264705,0.0115599285212646
Leucomalachite green,CN(C)C1=CC=C(C=C1)C(C2=CC=CC=C2)C3=CC=C(C=C3)N(C)C,0.5645001286974728,0.42977052523851866
Lindane,C1(C(C(C(C(C1Cl)Cl)Cl)Cl)Cl)Cl,0.7408403022567644,0.07312310435724141
Lithocholic Acid,CC(CCC(=O)O)C1CCC2C1(CCC3C2CCC4C3(CCC(C4)O)C)C,0.3155994761743341,0.04434310891745326
Lomustine,C1CCC(CC1)NC(=O)N(CCCl)N=O,0.5321896065960349,0.1983343074365182
Malachite green,CN(C)C1=CC=C(C=C1)C(=C2C=CC(=[N+](C)C)C=C2)C3=CC=CC=C3.[Cl-],0.6248545663425452,0.17067454233932608
Malathion,CCOC(=O)CC(C(=O)OCC)SP(=S)(OC)OC,0.6719733341522629,0.09015823934835161
Malonaldehyde,C(C=O)C=O,0.8099344987126048,0.06762220220758543
Maneb,C(CNC(=S)[S-])NC(=S)[S-].[Mn+2],0.7118395948102535,0.017187645487544142
MeA-alpha-C,CC1=CC2=C(NC3=CC=CC=C32)N=C1N,0.43972689032624107,0.29414619356948996
Mechlorethamine,CN(CCCl)CCCl,0.6438493489879625,0.17339576122819672
Medroxyprogesterone acetate,CC1CC2C(CCC3(C2CCC3(C(=O)C)OC(=O)C)C)C4(C1=CC(=O)CC4)C,0.35195750413439436,0.033281425638655555
Megestrol acetate,CC1=CC2C(CCC3(C2CCC3(C(=O)C)OC(=O)C)C)C4(C1=CC(=O)CC4)C,0.27947240247314914,0.03137904541557416
MeIQ,CC1=CC2=C(C=CC=N2)C3=C1N(C(=N3)N)C,0.5110662653844567,0.22297693644440006
MeIQx,CC1=CN=C2C=CC3=C(C2=N1)N=C(N3C)N,0.5844720455463804,0.18710412221244468
Melamine,C1(=NC(=NC(=N1)N)N)N,0.7136271147598893,0.26574537251215846
Melphalan,C1=CC(=CC=C1CC(C(=O)O)N)N(CCCl)CCCl,0.48127227873298334,0.17540698209416583
Merphalan,C1=CC(=CC=C1CC(C(=O)O)N)N(CCCl)CCCl,0.48127227873298334,0.17540698209416583
Mestranol,CC12CCC3C(C1CCC2(C#C)O)CCC4=C3C=CC(=C4)OC,0.3905538351298275,0.06020076956197745
Metallic Nickel,[Ni],0.8267124923668775,0.0019580922621335152
Metam sodium,CNC(=S)[S-].[Na+],0.763533753990615,0.017618470423290615
meta-Toluidine,CC1=CC(=CC=C1)N,0.7503003501425339,0.5868947780813794
Methacrylamide,CC(=C)C(=O)N,0.8142873097801125,0.23679872755925652
Methamidophos,COP(=O)(N)SC,0.7767584653293278,0.033695807325718495
Methapyrilene,CN(C)CCN(CC1=CC=CS1)C2=CC=CC=N2,0.40091992716849356,0.2778056603250898
Methoxsalen,COC1=C2C(=CC3=C1OC=C3)C=CC(=O)O2,0.5750663202879636,0.21839268800943895
Methoxychlor,COC1=CC=C(C=C1)C(C2=CC=C(C=C2)OC)C(Cl)(Cl)Cl,0.6180846390068487,0.34571925472560133
Methyl acrylate,COC(=O)C=C,0.8594326046131032,0.21401305939887663
Methylarsonic acid,C[As](=O)(O)O,0.7115674988581292,0.03901286689405941
Methylazoxymethanol acetate,CC(=O)OCN=[N+](C)[O-],0.749859338525665,0.06331802736630644
Methyl bromide,CBr,0.8620852665671626,0.08397297764116618
Methyl-CCNU,CC1CCC(CC1)NC(=O)N(CCCl)N=O,0.5019650129317061,0.1768336748785241
Methyl chloroform,CC(Cl)(Cl)Cl,0.847355400630836,0.1821498998470866
Methylene chloride,C(Cl)Cl,0.8588920734575266,0.16071813019348394
Methylene dibromide,C(Br)Br,0.8765438053683579,0.08372943162787903
Methylene diphenyl diisocyanate,C1=CC(=CC=C1CC2=CC=C(C=C2)N=C=O)N=C=O,0.8025734303330732,0.20560720858940193
Methyl eugenol,COC1=C(C=C(C=C1)CC=C)OC,0.5699741046683454,0.47849525680185645
Methyleugenol,COC1=C(C=C(C=C1)CC=C)OC,0.5699741046683454,0.47849525680185645
Methylglyoxal,CC(=O)C=O,0.8891775451365881,0.20853158843680294
Methylhydrazine,CNN,0.7324100386011518,0.13901300238811043
Methyl iodide,CI,0.8560189263032595,0.03790312315653575
Methyl isobutyl ketone,CC(C)CC(=O)C,0.7554995791749263,0.32267415457776477
Methylmercury chloride,C[Hg]Cl,0.8209880788087798,0.014927282039199487
Methyl methanesulfonate,COS(=O)(=O)C,0.7809420542508424,0.2545474983562701
Methyl parathion,COP(=S)(OC)OC1=CC=C(C=C1)[N+](=O)[O-],0.6887788170646554,0.21571740405854836
Methylthiouracil,CC1=CC(=O)NC(=S)N1,0.5561245151066235,0.13374216574856806
Metronidazole,CC1=NC=C(N1CCO)[N+](=O)[O-],0.4335013672457661,0.19228138988075494
Michler's base,CN(C)C1=CC=C(C=C1)CC2=CC=C(C=C2)N(C)C,0.6423569095306753,0.5144120089788816
Michler's ketone,CN(C)C1=CC=C(C=C1)C(=O)C2=CC=C(C=C2)N(C)C,0.6724052230909845,0.4897563331314658
Michlers Ketone,CN(C)C1=CC=C(C=C1)C(=O)C2=CC=C(C=C2)N(C)C,0.6724052230909845,0.4897563331314658
Microcystin-LR,CC1C(NC(=O)C(NC(=O)C(C(NC(=O)C(NC(=O)C(NC(=O)C(=C)N(C(=O)CCC(NC1=O)C(=O)O)C)C)CC(C)C)C(=O)O)C)CCCN=C(N)N)C=CC(=CC(C)C(CC2=CC=CC=C2)OC)C,0.3821175913511243,0.004395151215212512
Mirex,C12(C3(C4(C5(C3(C(C1(C5(C2(C4(Cl)Cl)Cl)Cl)Cl)(Cl)Cl)Cl)Cl)Cl)Cl)Cl,0.8203070274711964,0.014962942576852073
Mitomycin C,CC1=C(C(=O)C2=C(C1=O)N3CC4C(C3(C2COC(=O)N)OC)N4)N,0.46151246847977795,0.027315451419951113
Mitoxantrone,C1=CC(=C2C(=C1NCCNCCO)C(=O)C3=C(C=CC(=C3C2=O)O)O)NCCNCCO,0.5045777526649657,0.16292405530859588
Molybdenum trioxide,O=[Mo](=O)=O,0.8113637225448759,0.013172841296162177
Monocrotaline,CC1C(=O)OC2CCN3C2C(=CC3)COC(=O)C(C1(C)O)(C)O,0.5592188858233688,0.017550834921362373
Monuron,CN(C)C(=O)NC1=CC=C(C=C1)Cl,0.7021119798980566,0.5622221561552446
Morpholine,C1COCCN1,0.6979301143444874,0.22830938337696918
Mustard Gas,C(CCl)SCCCl,0.8581005259927384,0.11082916836424091
N-[4-(5-Nitro-2-furyl)-2-thiazolyl]acetamide,CC(=O)NC1=NC(=CS1)C2=CC=C(O2)[N+](=O)[O-],0.4252181928790275,0.24719076906163467
Nafenopin,CC(C)(C(=O)O)OC1=CC=C(C=C1)C2CCCC3=CC=CC=C23,0.3228908148141363,0.21002836911215006
Nalidixic acid,CCN1C=C(C(=O)C2=C1N=C(C=C2)C)C(=O)O,0.31046455017438307,0.3164188966422918
Naphthalene,C1=CC=C2C=CC=CC2=C1,0.8272048862722844,1.0
Naphthalene diisocyanate,C1=CC2=C(C=CC=C2N=C=O)C(=C1)N=C=O,0.7877160130814275,0.1566405924202168
Nedaplatin,C(C(=O)[O-])[O-].N.N.[Pt+2],0.7357417090828504,0.010552773400185773
N-Ethyl-N-nitrosourea,CCN(C(=O)N)N=O,0.7550014743050787,0.1054577917665178
Nickel,[Ni],0.8267124923668775,0.0019580922621335152
Nickel acetate,CC(=O)[O-].CC(=O)[O-].[Ni+2],0.8139060720746656,0.07789879854186288
Nickel carbonyl,[C-]#[O+].[C-]#[O+].[C-]#[O+].[C-]#[O+].[Ni],0.8069698397851485,0.008389190640509851
Nickel oxide,O=[Ni],0.8201370126605629,0.01209196528717517
Nickel subsulfide,S=[Ni].S=[Ni].[Ni],0.823577566724124,0.00408500511996892
Nickel sulfate,[O-]S(=O)(=O)[O-].[Ni+2],0.7661306364746518,0.03499441114122365
Niridazole,C1CN(C(=O)N1)C2=NC=C(S2)[N+](=O)[O-],0.40123240042255043,0.14236635320316363
Nitrapyrin,C1=CC(=NC(=C1)Cl)C(Cl)(Cl)Cl,0.7321488615280911,0.16169407699475974
Nitrate,[N+](=O)([O-])[O-],0.8220617417870236,0.17955408348229246
Nitrilotriacetic acid,C(C(=O)O)N(CC(=O)O)CC(=O)O,0.6753214818123654,0.32139585963228917
Nitrite,N(=O)[O-],0.7859026252225276,0.026532830572544446
Nitrobenzene,C1=CC=C(C=C1)[N+](=O)[O-],0.8214687788863516,0.7285143123399721
Nitrofen,C1=CC(=CC=C1[N+](=O)[O-])OC2=C(C=C(C=C2)Cl)Cl,0.6880688109148395,0.5077818128185358
Nitrogen mustard,CN(CCCl)CCCl,0.6438493489879625,0.17339576122819672
Nitrogen Mustard Hydrochloride,CN(CCCl)CCCl.Cl,0.6379907197131658,0.14393848387870398
Nitrogen mustard N-oxide,C[N+](CCCl)(CCCl)[O-],0.7916008185177533,0.05122992978030964
Nitromethane,C[N+](=O)[O-],0.8388746032970472,0.14504663471510681
Nitrosamine,NN=O,0.7608356916030369,0.06439999947528366
Nitrotoluene,CC1=CC=CC=C1[N+](=O)[O-],0.7523747778708073,0.6066192305363394
Nitrovin,C1=C(OC(=C1)[N+](=O)[O-])C=CC(=NN=C(N)N)C=CC2=CC=C(O2)[N+](=O)[O-],0.5639881266812343,0.09765446735341095
Nivalenol,CC1=CC2C(C(C1=O)O)(C3(C(C(C(C34CO4)O2)O)O)C)CO,0.6525277168915401,0.0045539703095678645
N-Methyl-N'-nitro-N-nitrosoguanidine,CN(C(=N)N[N+](=O)[O-])N=O,0.658506120463489,0.0476832444194856
N-Methyl-N-nitrosourea,CN(C(=O)N)N=O,0.7795310653813246,0.09809125396300583
N-Methyl-N-nitrosourethane,CCOC(=O)N(C)N=O,0.7993972925040481,0.13914332670827612
N-Methylolacrylamide,C=CC(=O)NCO,0.7314494525869455,0.14595425211370144
"N,N'-Diacetylbenzidine",CC(=O)NC1=CC=C(C=C1)C2=CC=C(C=C2)NC(=O)C,0.5864029664046215,0.6386947236686137
"N,N-Dimethylacetamide",CC(=O)N(C)C,0.8428278669205178,0.3745562119877582
N-Nitrosodiethanolamine,C(CO)N(CCO)N=O,0.7175145989891635,0.1088555204508891
N-Nitrosodiethylamine,CCN(CC)N=O,0.83012139071358,0.1039282672547144
N-Nitrosodimethylamine,CN(C)N=O,0.8694928636786383,0.1498837155564388
N-Nitrosodi-n-butylamine,CCCCN(CCCC)N=O,0.7875455813176487,0.19053569609124477
N-Nitrosodi-n-propylamine,CCCN(CCC)N=O,0.8279643768936357,0.146198846348581
N-Nitrosodiphenylamine,C1=CC=C(C=C1)N(C2=CC=CC=C2)N=O,0.7349659661816544,0.3776129437284748
N-Nitrosofolic acid,C1=CC(=CC=C1C(=O)N(C(CCC(=O)O)C(=O)O)N=O)NCC2=CN=C3C(=N2)C(=O)NC(=N3)N,0.41941555906178346,0.07585973244195068
N-Nitrosomethylethylamine,CCN(C)N=O,0.8289523942762532,0.09045499398749651
N-Nitrosomethylvinylamine,CN(C=C)N=O,0.87385333404029,0.03523728414474794
N-Nitrosomorpholine,C1COCCN1N=O,0.8121382122871224,0.15272162936543288
N-Nitroso-N-ethylurea,CCN(C(=O)N)N=O,0.7550014743050787,0.1054577917665178
N-Nitroso-N-methylurea,CN(C(=O)N)N=O,0.7795310653813246,0.09809125396300583
N'-Nitrosonornicotine,C1CC(N(C1)N=O)C2=CN=CC=C2,0.5986660209961893,0.12658408488992656
N-Nitrosonornicotine,C1CC(N(C1)N=O)C2=CN=CC=C2,0.5986660209961893,0.12658408488992656
N-Nitrosopiperidine,C1CCN(CC1)N=O,0.7743683737102062,0.18220478186126673
N-Nitrosoproline,C1CC(N(C1)N=O)C(=O)O,0.5322914885419998,0.10819128199480155
N-Nitrosopyrrolidine,C1CCN(C1)N=O,0.7799644210075213,0.1512232281192237
N-Nitrososarcosine,CN(CC(=O)O)N=O,0.7228901735893338,0.13131503143451226
Norethisterone,CC12CCC3C(C1CCC2(C#C)O)CCC4=CC(=O)CCC34,0.4119551581170857,0.03422307568954713
Norethynodrel,CC12CCC3C(C1CCC2(C#C)O)CCC4=C3CCC(=O)C4,0.38824736120514064,0.032621453047017156
o-Aminoazotoluene,CC1=CC=CC=C1N=NC2=CC(=C(C=C2)N)C,0.7533839656959795,0.28686198085417275
o-Anisidine,COC1=CC=CC=C1N,0.7436089857428904,0.6689352517128573
Ochratoxin A,CC1CC2=C(C=C(C(=C2C(=O)O1)O)C(=O)NC(CC3=CC=CC=C3)C(=O)O)Cl,0.45386081562399805,0.11837351162461665
Octabromodiphenyl ether,C1=C(C(=C(C(=C1Br)Br)Br)Br)OC2=CC(=C(C(=C2Br)Br)Br)Br,0.7441897189790384,0.1436788716587571
Octachlorodibenzodioxin,C12=C(C(=C(C(=C1Cl)Cl)Cl)Cl)OC3=C(O2)C(=C(C(=C3Cl)Cl)Cl)Cl,0.8178295409223292,0.17952085332818699
Octachlorodibenzofuran,C12=C(C(=C(C(=C1Cl)Cl)Cl)Cl)OC3=C2C(=C(C(=C3Cl)Cl)Cl)Cl,0.7902594693065229,0.1553120274876874
Octachloronaphthalene,C12=C(C(=C(C(=C1Cl)Cl)Cl)Cl)C(=C(C(=C2Cl)Cl)Cl)Cl,0.8190280336116998,0.29124644593569343
o-Nitroanisole,COC1=CC=CC=C1[N+](=O)[O-],0.7026806080497929,0.6079495282427789
o-Nitrotoluene,CC1=CC=CC=C1[N+](=O)[O-],0.7523747778708073,0.6066192305363394
o-Phenylenediamine,C1=CC=C(C(=C1)N)N,0.8268518851842799,0.48505366586290427
ortho-Aminoazotoluene,CC1=CC=CC=C1N=NC2=CC(=C(C=C2)N)C,0.7533839656959795,0.28686198085417275
ortho-Nitroanisole,COC1=CC=CC=C1[N+](=O)[O-],0.7026806080497929,0.6079495282427789
ortho-Phenylenediamine,C1=CC=C(C(=C1)N)N,0.8268518851842799,0.48505366586290427
ortho-Toluidine,CC1=CC=CC=C1N,0.8029594026235848,0.6528666014939328
o-Toluidine,CC1=CC=CC=C1N,0.8029594026235848,0.6528666014939328
o-Toluidine hydrochloride,CC1=CC=CC=C1N.Cl,0.7748433350429845,0.5152655792997464
Oxaliplatin,C1CCC(C(C1)[NH-])[NH-].C(=O)(C(=O)O)O.[Pt+2],0.6778448304175676,0.0228167879068581
Oxazepam,C1=CC=C(C=C1)C2=NC(C(=O)NC3=C2C=C(C=C3)Cl)O,0.4500667742475589,0.18350124145870167
Oxymetholone,CC12CCC3C(C1CCC2(C)O)CCC4C3(CC(=CO)C(=O)C4)C,0.43989368550630775,0.03154439061622565
Panfuran S,C1=C(OC(=C1)[N+](=O)[O-])C=CC2=CN=C(N=N2)N(CO)CO,0.4325778981280651,0.0911422942581684
para-Aminoazobenzene,C1=CC=C(C=C1)N=NC2=CC=C(C=C2)N,0.7335889992283426,0.36672427523935036
para-Chloroaniline,C1=CC(=CC=C1N)Cl,0.7267577712251054,0.6884967412422993
para-Cresidine,CC1=CC(=C(C=C1)OC)N,0.7507927026505852,0.5714331198589291
para-Dichlorobenzene,C1=CC(=CC=C1Cl)Cl,0.8140168009380533,0.9247193677918646
para-Dimethylaminoazobenzene,CN(C)C1=CC=C(C=C1)N=NC2=CC=CC=C2,0.7736035677855082,0.36188586987404636
para-Nitroanisole,COC1=CC=C(C=C1)[N+](=O)[O-],0.5966361081187898,0.6843832170683392
Parathion,CCOP(=S)(OCC)OC1=CC=C(C=C1)[N+](=O)[O-],0.6919365445340034,0.22242858883343328
para-Toluidine,CC1=CC=C(C=C1)N,0.771144379348391,0.7197563003164946
Patulin,C1C=C2C(=CC(=O)O2)C(O1)O,0.7439140266493692,0.03044735925150019
p-Chloro-o-toluidine,CC1=C(C=CC(=C1)Cl)N,0.763490272050414,0.5260319157044565
p-Cresidine,CC1=CC(=C(C=C1)OC)N,0.7507927026505852,0.5714331198589291
Pentabromodiphenyl ether,C1=CC(=C(C=C1Br)Br)OC2=CC(=C(C=C2Br)Br)Br,0.7572435325968979,0.2624080986874891
Pentachloroethane,C(C(Cl)(Cl)Cl)(Cl)Cl,0.758789246976363,0.10006878968086826
Pentachloronitrobenzene,C1(=C(C(=C(C(=C1Cl)Cl)Cl)Cl)Cl)[N+](=O)[O-],0.8147826421406035,0.19659856803887052
Pentachlorophenol,C1(=C(C(=C(C(=C1Cl)Cl)Cl)Cl)Cl)O,0.7063789951700736,0.25351721206830835
Perchloroethylene,C(=C(Cl)Cl)(Cl)Cl,0.8654247985741137,0.10779788060283146
Perfluorobutane sulfonate,C(C(C(F)(F)S(=O)(=O)[O-])(F)F)(C(F)(F)F)(F)F,0.7434908188772894,0.11069368628775676
Perfluorodecanoic acid,C(=O)(C(C(C(C(C(C(C(C(C(F)(F)F)(F)F)(F)F)(F)F)(F)F)(F)F)(F)F)(F)F)(F)F)O,0.7596276255272921,0.18023859482151725
Perfluorododecanoic acid,C(=O)(C(C(C(C(C(C(C(C(C(C(C(F)(F)F)(F)F)(F)F)(F)F)(F)F)(F)F)(F)F)(F)F)(F)F)(F)F)(F)F)O,0.7596276255272921,0.16751701378176584
Perfluorohexane sulfonate,C(C(C(C(F)(F)S(=O)(=O)O)(F)F)(F)F)(C(C(F)(F)F)(F)F)(F)F,0.7527534186460545,0.173859542241599
Perfluorononanoic acid,C(=O)(C(C(C(C(C(C(C(C(F)(F)F)(F)F)(F)F)(F)F)(F)F)(F)F)(F)F)(F)F)O,0.7596276255272921,0.18485689895712157
Perfluorooctane sulfonate,C(C(C(C(C(F)(F)S(=O)(=O)O)(F)F)(F)F)(F)F)(C(C(C(F)(F)F)(F)F)(F)F)(F)F,0.7527534186460545,0.17198120691938437
Perfluorooctanesulfonic acid,C(C(C(C(C(F)(F)S(=O)(=O)O)(F)F)(F)F)(F)F)(C(C(C(F)(F)F)(F)F)(F)F)(F)F,0.7527534186460545,0.17198120691938437
Perfluorooctanoic acid,C(=O)(C(C(C(C(C(C(C(F)(F)F)(F)F)(F)F)(F)F)(F)F)(F)F)(F)F)O,0.7596276255272921,0.18782652448513543
Perfluoroundecanoic acid,C(=O)(C(C(C(C(C(C(C(C(C(C(F)(F)F)(F)F)(F)F)(F)F)(F)F)(F)F)(F)F)(F)F)(F)F)(F)F)O,0.7596276255272921,0.17435183021574396
Permethrin,CC1(C(C1C(=O)OCC2=CC(=CC=C2)OC3=CC=CC=C3)C=C(Cl)Cl)C,0.48051267930540026,0.1299170473085984
Perylene,C1=CC2=C3C(=C1)C4=CC=CC5=C4C(=CC=C5)C3=CC=C2,0.8117265868211205,0.6150089908938942
PFBS,C(C(C(F)(F)S(=O)(=O)O)(F)F)(C(F)(F)F)(F)F,0.740726549584237,0.17131542511016687
PFHxS,C(C(C(C(F)(F)S(=O)(=O)O)(F)F)(F)F)(C(C(F)(F)F)(F)F)(F)F,0.7527534186460545,0.173859542241599
PFNA,C(=O)(C(C(C(C(C(C(C(C(F)(F)F)(F)F)(F)F)(F)F)(F)F)(F)F)(F)F)(F)F)O,0.7596276255272921,0.18485689895712157
PFOA,C(=O)(C(C(C(C(C(C(C(F)(F)F)(F)F)(F)F)(F)F)(F)F)(F)F)(F)F)O,0.7596276255272921,0.18782652448513543
PFOS,C(C(C(C(C(F)(F)S(=O)(=O)O)(F)F)(F)F)(F)F)(C(C(C(F)(F)F)(F)F)(F)F)(F)F,0.7527534186460545,0.17198120691938437
Phenacetin,CCOC1=CC=C(C=C1)NC(=O)C,0.39741997329796525,0.7311083590944005
Phenazopyridine,C1=CC=C(C=C1)N=NC2=C(N=C(C=C2)N)N,0.47891367483547864,0.22724054925837842
Phenazopyridine hydrochloride,C1=CC=C(C=C1)N=NC2=C(N=C(C=C2)N)N.Cl,0.47901391023046597,0.20289063564697346
Phenesterin,CC(C)CCCC(C)C1CCC2C1(CCC3C2CC=C4C3(CCC(C4)OC(=O)CC5=CC=C(C=C5)N(CCCl)CCCl)C)C,0.3898191456683892,0.027181051760692656
Phenobarbital,CCC1(C(=O)NC(=O)NC1=O)C2=CC=CC=C2,0.4783946099092531,0.250001543842604
Phenolphthalein,C1=CC=C2C(=C1)C(=O)OC2(C3=CC=C(C=C3)O)C4=CC=C(C=C4)O,0.6884404314284663,0.27346051922443093
Phenoxybenzamine,CC(COC1=CC=CC=C1)N(CCCl)CC2=CC=CC=C2,0.35374419278768754,0.2530041301646419
Phenoxybenzamine hydrochloride,CC(COC1=CC=CC=C1)N(CCCl)CC2=CC=CC=C2.Cl,0.3468789226812581,0.2278137375708767
Phenylbutazone,CCCCC1C(=O)N(N(C1=O)C2=CC=CC=C2)C3=CC=CC=C3,0.2571200762549648,0.2835695626731111
Phenyl glycidyl ether,C1C(O1)COC2=CC=CC=C2,0.539650686689204,0.3545343495866535
Phenylglycidyl ether,C1C(O1)COC2=CC=CC=C2,0.539650686689204,0.3545343495866535
Phenylmercury acetate,CC(=O)O[Hg]C1=CC=CC=C1,0.6148571339162476,0.1553956270418257
Phenytoin,C1=CC=C(C=C1)C2(C(=O)NC(=O)N2)C3=CC=CC=C3,0.5177448063448826,0.3193420224448811
Phenytoin Sodium,C1=CC=C(C=C1)C2(C(=O)[N-]C(=O)N2)C3=CC=CC=C3.[Na+],0.5798822089629752,0.12133291242820779
PhIP,CN1C2=C(N=CC(=C2)C3=CC=CC=C3)N=C1N,0.6765155325473973,0.2867956713882098
Phosphorus-32,P,0.8470049828847265,0.0015994132183466884
Picoplatin,CC1=CC=CC=N1.N.[Cl-].[Cl-].[Pt+2],0.6183249559418592,0.1524208320725501
Pioglitazone,CCC1=CN=C(C=C1)CCOC2=CC=C(C=C2)CC3C(=O)NC(=O)S3,0.42857822206561974,0.1622557913291134
Plutonium,[Pu],0.8360248354136712,0.0022464403168862422
Plutonium-238,[Pu],0.8360248354136712,0.0022464403168862422
Plutonium-239,[Pu],0.8360248354136712,0.0022464403168862422
p-Nitrosodiphenylamine,C1=CC=C(C=C1)NC2=CC=C(C=C2)N=O,0.7739503534470832,0.44029527736309776
Ponceau 3R,CC1=CC(=C(C=C1C)N=NC2=C3C=CC(=CC3=CC(=C2O)S(=O)(=O)[O-])S(=O)(=O)[O-])C.[Na+].[Na+],0.6212309536441466,0.06726007994683356
Ponceau MX,CC1=CC(=C(C=C1)N=NC2=C3C=CC(=CC3=CC(=C2O)S(=O)(=O)[O-])S(=O)(=O)[O-])C.[Na+].[Na+],0.6593946009703573,0.07117692585075241
Potassium bromate,[O-]Br(=O)=O.[K+],0.7828468020936541,0.0026695542531208955
Potassium dichromate,[O-][Cr](=O)(=O)O[Cr](=O)(=O)[O-].[K+].[K+],0.7708026860073913,0.004657708106705739
p-Phenylenediamine,C1=CC(=CC=C1N)N,0.7776267511089099,0.5126179673658116
Prednisone,CC12CC(=O)C3C(C1CCC2(C(=O)CO)O)CCC4=CC(=O)C=CC34C,0.3234290667878822,0.03372111400974659
Primidone,CCC1(C(=O)NCNC1=O)C2=CC=CC=C2,0.385184040181016,0.1702668315093183
Procarbazine,CC(C)NC(=O)C1=CC=C(C=C1)CNNC,0.4260050579992061,0.37152113543121373
Procarbazine hydrochloride,CC(C)NC(=O)C1=CC=C(C=C1)CNNC.Cl,0.424357221066099,0.3268438530672135
Progesterone,CC(=O)C1CCC2C1(CCC3C2CCC4=CC(=O)CCC34C)C,0.19200395877994128,0.052548105071677946
Pronetalol,CC(C)NCC(C1=CC2=CC=CC=C2C=C1)O,0.20676947905580834,0.2804728622122826
Propham,CC(C)OC(=O)NC1=CC=CC=C1,0.72625487665623,0.6093685281847863
Propionaldehyde,CCC=O,0.8641621082577288,0.19665737507710923
Propyl bromide,CCCBr,0.8818103532131872,0.2092199474339812
Propylene,CC=C,0.8264379512041351,0.13441976403592001
Propylene dichloride,CC(CCl)Cl,0.8335718296281389,0.10711176015810807
Propylene oxide,CC1CO1,0.7533408320039564,0.23863723322475935
Propylthiouracil,CCCC1=CC(=O)NC(=S)N1,0.4755879410405849,0.18564675696279465
Pulegone,CC1CCC(=C(C)C)C(=O)C1,0.5376575293554616,0.11163153658377692
Pyrene,C1=CC2=C3C(=C1)C=CC4=CC=CC(=C43)C=C2,0.8382467342399871,0.6425783835640061
Pyridine,C1=CC=NC=C1,0.7353810988302603,0.6895134949737685
"Pyrido[3,4-c]psoralen",C1=CN=CC2=C1C3=C(C=C4C(=C3)C=CO4)OC2=O,0.5325573752562682,0.21595910363435178
Quinoline,C1=CC=C2C(=C1)C=CC=N2,0.658999015040616,0.7062845629821171
Radium-224,[Ra],0.8359109523072508,0.0005644983596289862
Radium-226,[Ra],0.8359109523072508,0.0005644983596289862
Radium-228,[Ra],0.8359109523072508,0.0005644983596289862
Radon,[Rn],0.8368873335050117,0.0005644983596289862
Radon-222,[Rn],0.8368873335050117,0.0005644983596289862
Reserpine,COC1C(CC2CN3CCC4=C(C3CC2C1C(=O)OC)NC5=C4C=CC(=C5)OC)OC(=O)C6=CC(=C(C(=C6)OC)OC)OC,0.27681471833364435,0.03535890561794744
Resorcinol,C1=CC(=CC(=C1)O)O,0.7363563342749049,0.5033244845164003
Retrorsine,CC=C1CC(C(C(=O)OCC2=CCN3C2C(CC3)OC1=O)(CO)O)C,0.560107641217731,0.014790043383672173
Riddelliine,CC=C1CC(=C)C(C(=O)OCC2=CCN3C2C(CC3)OC1=O)(CO)O,0.5601337218531439,0.016144219406788212
Ripazepam,CCN1C2=C(C(=N1)C)NC(=O)CN=C2C3=CC=CC=C3,0.2424613543290437,0.16655859607696216
Roxarsone,C1=CC(=C(C=C1[As](=O)(O)O)[N+](=O)[O-])O,0.6173560531101054,0.11642774280362607
Saccharin,C1=CC=C2C(=C1)C(=O)NS2(=O)=O,0.5561588845441086,0.23820522658742585
Safrole,C=CCC1=CC2=C(C=C1)OCO2,0.6982865204441668,0.3401719007255287
Satraplatin,CC(=O)[O-].CC(=O)[O-].C1CCC(CC1)N.N.[Cl-].[Cl-].[Pt+4],0.6529995715352256,0.0903159801756055
Selenium Sulfide,S=[Se],0.8087999021358921,0.007355956821979051
Semustine,CC1CCC(CC1)NC(=O)N(CCCl)N=O,0.5019650129317061,0.1768336748785241
Senkirkine,CC=C1CC(C(C(=O)OCC2=CCN(CCC(C2=O)OC1=O)C)(C)O)C,0.6597187634191651,0.011439800828683582
Shikimic acid,C1C(C(C(C=C1C(=O)O)O)O)O,0.616489799594324,0.06271972942937545
Silica,O=[Si]=O,0.7886637965208297,0.013997772927402898
"Silica, amorphous",O=[Si]=O,0.7886637965208297,0.013997772927402898
Silicon carbide,[C-]#[Si+],0.8318123834537958,0.0011079488654628228
Simazine,CCNC1=NC(=NC(=N1)Cl)NCC,0.7359868986199407,0.24686520330436373
Sodium arsenate,[O-][As](=O)([O-])[O-].[Na+].[Na+].[Na+],0.7718165532525909,0.003725216217228008
Sodium arsenite,[O-][As]=O.[Na+],0.7702820809934618,0.003337739465035006
Sodium azide,[N-]=[N+]=[N-].[Na+],0.7664992215260917,0.010380065392455482
Sodium dichromate,[O-][Cr](=O)(=O)O[Cr](=O)(=O)[O-].[Na+].[Na+],0.7728394103465002,0.0040434572993808555
Sodium o-phenylphenate,C1=CC=C(C=C1)C2=CC=CC=C2[O-].[Na+],0.6823432419462457,0.2648966585113816
Sodium ortho-phenylphenate,C1=CC=C(C=C1)C2=CC=CC=C2[O-].[Na+],0.6823432419462457,0.2648966585113816
Sterigmatocystin,COC1=C2C(=C3C4C=COC4OC3=C1)OC5=CC=CC(=C5C2=O)O,0.7509573947138886,0.061346607252669355
Streptozotocin,CN(C(=O)NC1C(C(C(OC1O)CO)O)O)N=O,0.4647342313276268,0.03919078812403363
Strontium chromate,[O-][Cr](=O)(=O)[O-].[Sr+2],0.7765783633112516,0.006994734123084292
Styrene,C=CC1=CC=CC=C1,0.8859880260491652,0.5753520220450106
"Styrene-7,8-oxide",C1C(O1)C2=CC=CC=C2,0.6918293177601652,0.3383484466945107
Styrene oxide,C1C(O1)C2=CC=CC=C2,0.6918293177601652,0.3383484466945107
Succinaldehyde,C(CC=O)C=O,0.8124945369266441,0.12187499454293955
Sudan Black B,CC1(NC2=C3C(=C(C=C2)N=NC4=CC=C(C5=CC=CC=C54)N=NC6=CC=CC=C6)C=CC=C3N1)C,0.5687677836307079,0.12724044414616262
Sudan I,C1=CC=C(C=C1)N=NC2=C(C=CC3=CC=CC=C32)O,0.7999901277157294,0.33679815623282566
Sudan II,CC1=CC(=C(C=C1)N=NC2=C(C=CC3=CC=CC=C32)O)C,0.7688824219486977,0.28969743280297156
Sudan III,C1=CC=C(C=C1)N=NC2=CC=C(C=C2)N=NC3=C(C=CC4=CC=CC=C43)O,0.7964203777205316,0.228532965937685
Sudan Red 7B,CCNC1=C(C2=CC=CC=C2C=C1)N=NC3=CC=C(C=C3)N=NC4=CC=CC=C4,0.5058109695878572,0.21121458665822335
Sulfafurazole,CC1=C(ON=C1C)NS(=O)(=O)C2=CC=C(C=C2)N,0.29923214189178654,0.3049269833411882
Sulfallate,CCN(CC)C(=S)SCC(=C)Cl,0.8262636901294949,0.1319764692096945
Sulfasalazine,C1=CC=NC(=C1)NS(=O)(=O)C2=CC=C(C=C2)N=NC3=CC(=C(C=C3)O)C(=O)O,0.45685706165474377,0.24024937165554205
Sulfur mustard,C(CCl)SCCCl,0.8581005259927384,0.11082916836424091
Sunset Yellow FCF,C1=CC(=CC=C1N=NC2=C(C=CC3=C2C=CC(=C3)S(=O)(=O)[O-])O)S(=O)(=O)[O-].[Na+].[Na+],0.7051684990066747,0.08499084937873184
Symphytine,CC=C(C)C(=O)OC1CCN2C1C(=CC2)COC(=O)C(C(C)C)(C(C)O)O,0.39121515242369115,0.0308219352159079
Tacrolimus,CC1CC(C2C(CC(C(O2)(C(=O)C(=O)N3CCCCC3C(=O)OC(C(C(CC(=O)C(C=C(C1)C)CC=C)O)C)C(=CC4CCC(C(C4)OC)O)C)O)C)OC)OC,0.3492979585239822,0.002691148821753234
Talc,[OH-].[OH-].[O-][Si]12O[Si]3(O[Si](O1)(O[Si](O2)(O3)[O-])[O-])[O-].[Mg+2].[Mg+2].[Mg+2],0.7864342186662747,0.001375868261634019
Tamoxifen,CCC(=C(C1=CC=CC=C1)C2=CC=C(C=C2)OCCN(C)C)C3=CC=CC=C3,0.3735434563241525,0.36053489925554993
Teniposide,COC1=CC(=CC(=C1O)OC)C2C3C(COC3=O)C(C4=CC5=C(C=C24)OCO5)OC6C(C(C7C(O6)COC(O7)C8=CC=CS8)O)O,0.35258667064192284,0.01827221311512792
Terephthalic acid,C1=CC(=CC=C1C(=O)O)C(=O)O,0.569557721431573,0.7433046779995526
tert-Butyl alcohol,CC(C)(C)O,0.7588445083186887,0.36276643752596294
Tert-butyl hydroperoxide,CC(C)(C)OO,0.8309038222410358,0.25091896945139996
tert-Butylhydroquinone,CC(C)(C)C1=C(C=CC(=C1)O)O,0.7019737082840192,0.3438470182692811
Testosterone,CC12CCC3C(C1CCC2O)CCC4=CC(=O)CCC34C,0.24516858123503835,0.05487314960988655
Tetrabromobisphenol A,CC(C)(C1=CC(=C(C(=C1)Br)O)Br)C2=CC(=C(C(=C2)Br)O)Br,0.794205581632264,0.197752038106574
Tetrachlorodibenzofuran,C1=CC=C2C(=C1)C3=C(O2)C(=C(C(=C3Cl)Cl)Cl)Cl,0.768699744619457,0.24114238097737098
Tetrachloroethylene,C(=C(Cl)Cl)(Cl)Cl,0.8654247985741137,0.10779788060283146
Tetrachloromethane,C(Cl)(Cl)(Cl)Cl,0.8135083719480559,0.1550819940125094
Tetrachlorvinphos,COP(=O)(OC)OC(=CCl)C1=CC(=C(C=C1Cl)Cl)Cl,0.5347366058260241,0.11595708683822005
Tetraethyllead,CC[Pb](CC)(CC)CC,0.8141094091399939,0.03028097236756813
Tetrafluoroethylene,C(=C(F)F)(F)F,0.8123640509939102,0.0942941304727328
Tetrahydrofuran,C1CCOC1,0.880024407988381,0.35833835506292255
Tetramethyllead,C[Pb](C)(C)C,0.8359606473380062,0.026013176586900815
Tetranitromethane,C([N+](=O)[O-])([N+](=O)[O-])([N+](=O)[O-])[N+](=O)[O-],0.7959738842405832,0.06511004760001902
Thioacetamide,CC(=S)N,0.7613414677214924,0.2060297743557072
Thiotepa,C1CN1P(=S)(N2CC2)N3CC3,0.6371875552170414,0.07230554577555132
Thiouracil,C1=CNC(=S)NC1=O,0.6091700439319114,0.1274825912168058
Thiourea,C(=S)(N)N,0.7845487153140702,0.20641882431271857
Thorium-232,[Th],0.8312492349548488,0.0005644983596289862
Thorium dioxide,O=[Th]=O,0.8169899167029476,0.004035277866535308
Thorotrast,O=[Th]=O,0.8169899167029476,0.004035277866535308
Titanium dioxide,O=[Ti]=O,0.7926672651886629,0.004936477827422546
Toluene,CC1=CC=CC=C1,0.7856007831501557,1.0
"Toluene-2,4-diamine",CC1=C(C=C(C=C1)N)N,0.8255763895529051,0.4237642437743766
"Toluene-2,4-diisocyanate",CC1=C(C=C(C=C1)N=C=O)N=C=O,0.7999952688753207,0.11662162965326424
"Toluene-2,6-diamine",CC1=C(C=CC=C1N)N,0.7697973923624302,0.3814549115191577
"Toluene-2,6-diisocyanate",CC1=C(C=CC=C1N=C=O)N=C=O,0.814517722751499,0.10361128973913422
Toluene diamine,CC1=C(C(=CC=C1)N)N,0.8281276829076892,0.39007416477774526
Toluene diisocyanate,CC1=C(C=C(C=C1)N=C=O)N=C=O,0.7999952688753207,0.11662162965326424
Toxaphene,C=C1C(C2(C(C(C1(C2(Cl)Cl)Cl)Cl)Cl)Cl)(CCl)CCl,0.7789214511552514,0.004803164794124904
"trans-2-[(Dimethylamino)methylimino]-5-[2-(5-nitro-2-furyl)-vinyl]-1,3,4-oxadiazole",CN(C)C=NC1=NN=C(O1)C=CC2=CC=C(O2)[N+](=O)[O-],0.5431491720353855,0.09081366893971432
Treosulfan,CS(=O)(=O)OCC(C(COS(=O)(=O)C)O)O,0.5421357562852751,0.0727265004179821
Triamterene,C1=CC=C(C=C1)C2=NC3=C(N=C(N=C3N=C2N)N)N,0.4413335508435074,0.25758041857266606
Tribromoacetic acid,C(=O)(C(Br)(Br)Br)O,0.7395420129255934,0.12411309804495448
Tribromomethane,C(Br)(Br)Br,0.8048651365926432,0.08099395645372683
Tributyltin oxide,CCCC[Sn](CCCC)(CCCC)O[Sn](CCCC)(CCCC)CCCC,0.7925346681513423,0.1427244838078474
Trichlormethine,C(CCl)N(CCCl)CCCl,0.7342534070571045,0.15529824832115874
Trichloroacetic acid,C(=O)(C(Cl)(Cl)Cl)O,0.7130102290960543,0.21511476845222569
Trichloroaniline,C1=C(C=C(C(=C1N)Cl)Cl)Cl,0.7471381525081202,0.3464873352081747
Trichloroethylene,C(=C(Cl)Cl)Cl,0.8643951360517728,0.07103154680030566
Trichloromethane,C(Cl)(Cl)Cl,0.7815301281612442,0.11360247686486237
Triethanolamine,C(CO)N(CCO)CCO,0.6897888403267828,0.2598371641483593
Triethylene glycol diglycidyl ether,C1C(O1)COCCOCCOCCOCC2CO2,0.6837563928393545,0.10545228292357452
Triethylene glycol dimethacrylate,CC(=C)C(=O)OCCOCCOCCOC(=O)C(=C)C,0.8742431949673926,0.2215105576805909
Trifluralin,CCCN(CCC)C1=C(C=C(C=C1[N+](=O)[O-])C(F)(F)F)[N+](=O)[O-],0.5555933021696322,0.2072536070726869
Trimethyl phosphate,COP(=O)(OC)OC,0.8250911759855454,0.12910293418428026
Trinitroaniline,C1=CC(=C(C(=C1N)[N+](=O)[O-])[N+](=O)[O-])[N+](=O)[O-],0.6941186149606046,0.19987046221838903
Triphenylene,C1=CC=C2C(=C1)C3=CC=CC=C3C4=CC=CC=C24,0.7633127340148078,1.0
Triphenyltin hydroxide,C1=CC=C(C=C1)[Sn+](C2=CC=CC=C2)C3=CC=CC=C3.[OH-],0.8266773874141291,0.22484081052124508
"Tris(1,3-dichloro-2-propyl)phosphate",C(C(CCl)OP(=O)(OC(CCl)CCl)OC(CCl)CCl)Cl,0.7520747349432328,0.05007230385591628
Tris(1-aziridinyl)phosphine oxide,C1CN1P(=O)(N2CC2)N3CC3,0.6887001659779909,0.06573833649688915
"Tris(2,3-dibromopropyl) phosphate",C(C(CBr)Br)OP(=O)(OCC(CBr)Br)OCC(CBr)Br,0.7543795936171536,0.020265807077627578
"Tris(2,3-dibromopropyl)phosphate",C(C(CBr)Br)OP(=O)(OCC(CBr)Br)OCC(CBr)Br,0.7543795936171536,0.020265807077627578
Tris(2-chloroethyl)phosphate,C(CCl)OP(=O)(OCCCl)OCCCl,0.8360789224327964,0.10566009859485524
Tris(aziridinyl)-p-benzoquinone,C1CN1C2=CC(=O)C(=C(C2=O)N3CC3)N4CC4,0.5236230111536375,0.1560606766376656
Tris(chloropropyl)phosphate,C(COP(=O)(OCCCCl)OCCCCl)CCl,0.7979897452188763,0.12602424316596916
Trivalent antimony,[Sb+3],0.8388675842827426,0.0005644983596289862
Trp-P-1,CC1=C2C(=C(N=C1N)C)C3=CC=CC=C3N2,0.4590094994569109,0.2694100304781599
Trp-P-2,CC1=C2C3=CC=CC=C3NC2=CC(=N1)N,0.472443208362579,0.2834074139237121
Trypan blue,CC1=C(C=CC(=C1)C2=CC(=C(C=C2)N=NC3=C(C4=C(C=C(C=C4C=C3S(=O)(=O)[O-])S(=O)(=O)[O-])N)O)C)N=NC5=C(C6=C(C=C(C=C6C=C5S(=O)(=O)[O-])S(=O)(=O)[O-])N)O.[Na+].[Na+].[Na+].[Na+],0.5045514610450201,0.025673638541348867
Uracil mustard,C1=C(C(=O)NC(=O)N1)N(CCCl)CCCl,0.5175519545907409,0.13359258633497348
Uranium,[U],0.8266429647162058,0.0011765314534564451
Urethane,CCOC(=O)N,0.7358327184022121,0.30995044287415274
Valeraldehyde,CCCCC=O,0.8181674422833355,0.28901444043663477
Vanadium pentoxide,O=[V](=O)O[V](=O)=O,0.7764741799082217,0.003900721580691264
Vinyl acetate,CC(=O)OC=C,0.8847757670736034,0.13986189898316412
Vinyl acetate monomer,CC(=O)OC=C,0.8847757670736034,0.13986189898316412
Vinyl bromide,C=CBr,0.8902403802926067,0.07050386077722999
Vinyl chloride,C=CCl,0.8686466410745768,0.06657294343994963
Vinyl fluoride,C=CF,0.8483444585816379,0.06142716023814457
Vinylidene chloride,C=C(Cl)Cl,0.8999409466967173,0.10662754219282436
Vinylidene fluoride,C=C(F)F,0.834290128434207,0.09214230316790106
Voriconazole,CC(C1=NC=NC=C1F)C(CN2C=NC=N2)(C3=C(C=C(C=C3)F)F)O,0.18775164090199634,0.07496932342002545
Zalcitabine,C1CC(OC1CO)N2C=CC(=NC2=O)N,0.3668064306542951,0.08910052779095026
Zidovudine,CC1=CN(C(=O)NC1=O)C2CC(C(O2)CO)N=[N+]=[N-],0.38315764422806675,0.05788381243922172
Zinc chromate,[O-][Cr](=O)(=O)[O-].[Zn+2],0.778396941293906,0.006994734123084292
Zineb,C(CNC(=S)[S-])NC(=S)[S-].[Zn+2],0.7163997732864812,0.017187645487544142
Ziram,CN(C)C(=S)[S-].CN(C)C(=S)[S-].[Zn+2],0.8063916076215754,0.03396949936638701
